Accession	GenBank_RefSeq	Organism_Name	Species	Genotype	Isolate	GenBank_Title	Length	Nuc_Completeness	Geo_Location	Country	Host	Tissue_Specimen_Source	Submitters	Publications	Collection_Date	Release_Date	Molecule_type
NC_001526	RefSeq	Human papillomavirus 16	Alphapapillomavirus 9			Human papillomavirus type 16, complete genome	7906	complete					Kirnbauer,R., Taub,J., Greenstone,H., Roden,R., Durst,M., Gissmann,L., Lowy,D.R., Schiller,J.T., Baker,C.C., Xi,S.Z., Banks,L.M., Kennedy,I.M., Haddow,J.K., Clements,J.B., Parton,A., Romanczuk,H., Thierry,F., Howley,P.M., Bubb,V., McCance,D.J., Schlegel,R., Halbert,C.L., Galloway,D.A., Phelps,W.C., Lindgren,V., Braun,M.J., Gonda,M.A., Matsukura,T., Kanda,T., Furuno,A., Yoshikawa,H., Kawana,T., Yoshiike,K., Seedorf,K., Krammer,G., Suhai,S., Rowekamp,W.G.	10		1993-08-02	dsDNA
PQ720440	GenBank	Human papillomavirus 16	Alphapapillomavirus 9	16	141.16	Human papillomavirus 16 isolate 141.16, complete genome	7906	complete	Brazil	Brazil	Homo sapiens	cervix	de Aquino Firmino,A., Filho,P.R.T.G., Siqueira,J.D., Gois,L.L., Costa,G.C.S., Martins,A.L.L., Drumond,M.L., Soares,M.A., Galvao-Castro,B., da Silva,C.G.R., Grassi,M.F.R., Firmino,A.A.	1	2015	2025-10-26	dsDNA
PX461752	GenBank	Human papillomavirus 16	Alphapapillomavirus 9		InDRE 2Oax/Mexico/2022	Human papillomavirus 16 isolate InDRE 2Oax/Mexico/2022, complete genome	7906	complete	Mexico	Mexico	Homo sapiens	cervix	Rodriguez-Hernandez,E.L., Fragoso-Fonseca,D.E., Esteban-Valencia,Md.C., Andrade-Montiel,E., Wong-Arambula,C.E., Hernandez-Rivas,L., Escobar-Escamilla,N., Rodriguez-Maldonado,A.P., Del Mazo-Lopez,J.C., Serrano-Gutierrez,S., Landa-Flores,M.G.		2022	2025-10-22	dsDNA
PX461753	GenBank	Human papillomavirus 16	Alphapapillomavirus 9		InDRE 3Oax/Mexico/2022	Human papillomavirus 16 isolate InDRE 3Oax/Mexico/2022, complete genome	7907	complete	Mexico	Mexico	Homo sapiens	cervix	Rodriguez-Hernandez,E.L., Fragoso-Fonseca,D.E., Esteban-Valencia,Md.C., Andrade-Montiel,E., Wong-Arambula,C.E., Hernandez-Rivas,L., Escobar-Escamilla,N., Rodriguez-Maldonado,A.P., Del Mazo-Lopez,J.C., Serrano-Gutierrez,S., Landa-Flores,M.G.		2022	2025-10-22	dsDNA
PX461754	GenBank	Human papillomavirus 16	Alphapapillomavirus 9		InDRE 3Yuc/Mexico/2022	Human papillomavirus 16 isolate InDRE 3Yuc/Mexico/2022, complete genome	7908	complete	Mexico	Mexico	Homo sapiens	cervix	Rodriguez-Hernandez,E.L., Fragoso-Fonseca,D.E., Esteban-Valencia,Md.C., Andrade-Montiel,E., Wong-Arambula,C.E., Hernandez-Rivas,L., Escobar-Escamilla,N., Rodriguez-Maldonado,A.P., Del Mazo-Lopez,J.C., Serrano-Gutierrez,S., Landa-Flores,M.G.		2022	2025-10-22	dsDNA
PX461755	GenBank	Human papillomavirus 16	Alphapapillomavirus 9		InDRE 6Yuc/Mexico/2022	Human papillomavirus 16 isolate InDRE 6Yuc/Mexico/2022, complete genome	7914	complete	Mexico	Mexico	Homo sapiens	cervix	Rodriguez-Hernandez,E.L., Fragoso-Fonseca,D.E., Esteban-Valencia,Md.C., Andrade-Montiel,E., Wong-Arambula,C.E., Hernandez-Rivas,L., Escobar-Escamilla,N., Rodriguez-Maldonado,A.P., Del Mazo-Lopez,J.C., Serrano-Gutierrez,S., Landa-Flores,M.G.		2022	2025-10-22	dsDNA
PX461756	GenBank	Human papillomavirus 16	Alphapapillomavirus 9		InDRE 8Yuc/Mexico/2022	Human papillomavirus 16 isolate InDRE 8Yuc/Mexico/2022, complete genome	7907	complete	Mexico	Mexico	Homo sapiens	cervix	Rodriguez-Hernandez,E.L., Fragoso-Fonseca,D.E., Esteban-Valencia,Md.C., Andrade-Montiel,E., Wong-Arambula,C.E., Hernandez-Rivas,L., Escobar-Escamilla,N., Rodriguez-Maldonado,A.P., Del Mazo-Lopez,J.C., Serrano-Gutierrez,S., Landa-Flores,M.G.		2022	2025-10-22	dsDNA
PX461757	GenBank	Human papillomavirus 16	Alphapapillomavirus 9		InDRE 19Mex/Mexico/2022	Human papillomavirus 16 isolate InDRE 19Mex/Mexico/2022, complete genome	7907	complete	Mexico	Mexico	Homo sapiens	cervix	Rodriguez-Hernandez,E.L., Fragoso-Fonseca,D.E., Esteban-Valencia,Md.C., Andrade-Montiel,E., Wong-Arambula,C.E., Hernandez-Rivas,L., Escobar-Escamilla,N., Rodriguez-Maldonado,A.P., Del Mazo-Lopez,J.C., Serrano-Gutierrez,S., Landa-Flores,M.G.		2022	2025-10-22	dsDNA
PX461758	GenBank	Human papillomavirus 16	Alphapapillomavirus 9		InDRE 30Tam/Mexico/2022	Human papillomavirus 16 isolate InDRE 30Tam/Mexico/2022, complete genome	7907	complete	Mexico	Mexico	Homo sapiens	cervix	Rodriguez-Hernandez,E.L., Fragoso-Fonseca,D.E., Esteban-Valencia,Md.C., Andrade-Montiel,E., Wong-Arambula,C.E., Hernandez-Rivas,L., Escobar-Escamilla,N., Rodriguez-Maldonado,A.P., Del Mazo-Lopez,J.C., Serrano-Gutierrez,S., Landa-Flores,M.G.		2022	2025-10-22	dsDNA
PX461759	GenBank	Human papillomavirus 16	Alphapapillomavirus 9		InDRE 34Mor/Mexico/2022	Human papillomavirus 16 isolate InDRE 34Mor/Mexico/2022, complete genome	7918	complete	Mexico	Mexico	Homo sapiens	cervix	Rodriguez-Hernandez,E.L., Fragoso-Fonseca,D.E., Esteban-Valencia,Md.C., Andrade-Montiel,E., Wong-Arambula,C.E., Hernandez-Rivas,L., Escobar-Escamilla,N., Rodriguez-Maldonado,A.P., Del Mazo-Lopez,J.C., Serrano-Gutierrez,S., Landa-Flores,M.G.		2022	2025-10-22	dsDNA
PX461760	GenBank	Human papillomavirus 16	Alphapapillomavirus 9		InDRE 35Tam/Mexico/2022	Human papillomavirus 16 isolate InDRE 35Tam/Mexico/2022, complete genome	7906	complete	Mexico	Mexico	Homo sapiens	cervix	Rodriguez-Hernandez,E.L., Fragoso-Fonseca,D.E., Esteban-Valencia,Md.C., Andrade-Montiel,E., Wong-Arambula,C.E., Hernandez-Rivas,L., Escobar-Escamilla,N., Rodriguez-Maldonado,A.P., Del Mazo-Lopez,J.C., Serrano-Gutierrez,S., Landa-Flores,M.G.		2022	2025-10-22	dsDNA
LC888263	GenBank	Human papillomavirus 16	Alphapapillomavirus 9		SW0153	Human papillomavirus 16 SW0153 DNA, complete genome	7906	complete	Japan	Japan	Homo sapiens		Kukimoto,I., Matsumoto,K.		2022	2025-09-02	dsDNA
LC888264	GenBank	Human papillomavirus 16	Alphapapillomavirus 9		SW0160	Human papillomavirus 16 SW0160 DNA, complete genome	7902	complete	Japan	Japan	Homo sapiens		Kukimoto,I., Matsumoto,K.		2022	2025-09-02	dsDNA
LC888265	GenBank	Human papillomavirus 16	Alphapapillomavirus 9		SW0161	Human papillomavirus 16 SW0161 DNA, complete genome	7906	complete	Japan	Japan	Homo sapiens		Kukimoto,I., Matsumoto,K.		2022	2025-09-02	dsDNA
LC888266	GenBank	Human papillomavirus 16	Alphapapillomavirus 9		SW0162	Human papillomavirus 16 SW0162 DNA, complete genome	7906	complete	Japan	Japan	Homo sapiens		Kukimoto,I., Matsumoto,K.		2022	2025-09-02	dsDNA
LC888267	GenBank	Human papillomavirus 16	Alphapapillomavirus 9		SW0164	Human papillomavirus 16 SW0164 DNA, complete genome	7906	complete	Japan	Japan	Homo sapiens		Kukimoto,I., Matsumoto,K.		2022	2025-09-02	dsDNA
LC888268	GenBank	Human papillomavirus 16	Alphapapillomavirus 9		SW0178	Human papillomavirus 16 SW0178 DNA, complete genome	7906	complete	Japan	Japan	Homo sapiens		Kukimoto,I., Matsumoto,K.		2023	2025-09-02	dsDNA
LC888269	GenBank	Human papillomavirus 16	Alphapapillomavirus 9		SW0192	Human papillomavirus 16 SW0192 DNA, complete genome	7905	complete	Japan	Japan	Homo sapiens		Kukimoto,I., Matsumoto,K.		2023	2025-09-02	dsDNA
LC888270	GenBank	Human papillomavirus 16	Alphapapillomavirus 9		SW0193	Human papillomavirus 16 SW0193 DNA, complete genome	7905	complete	Japan	Japan	Homo sapiens		Kukimoto,I., Matsumoto,K.		2023	2025-09-02	dsDNA
LC888271	GenBank	Human papillomavirus 16	Alphapapillomavirus 9		SW0199	Human papillomavirus 16 SW0199 DNA, complete genome	7905	complete	Japan	Japan	Homo sapiens		Kukimoto,I., Matsumoto,K.		2024	2025-09-02	dsDNA
LC888272	GenBank	Human papillomavirus 16	Alphapapillomavirus 9		SW0201	Human papillomavirus 16 SW0201 DNA, complete genome	7906	complete	Japan	Japan	Homo sapiens		Kukimoto,I., Matsumoto,K.		2024	2025-09-02	dsDNA
PV809647	GenBank	Human papillomavirus 16	Alphapapillomavirus 9	16	OM1957	Human papillomavirus 16 isolate OM1957, complete genome	7905	complete	Latvia	Latvia	Homo sapiens		Zrelovs,N., Jansons,J., Spridzane,A., Sokolovska,L., Biserova,K., Krisane,D., Orlova,B., Petrovska,M., Nazarenko,M., Ilinskaya,A., Nazarovs,J., Mitildzans,A., Isaguliants,M.		2012	2025-06-30	dsDNA
PV809648	GenBank	Human papillomavirus 16	Alphapapillomavirus 9	16	KV1957	Human papillomavirus 16 isolate KV1957, complete genome	7907	complete	Latvia	Latvia	Homo sapiens		Zrelovs,N., Jansons,J., Spridzane,A., Sokolovska,L., Biserova,K., Krisane,D., Orlova,B., Petrovska,M., Nazarenko,M., Ilinskaya,A., Nazarovs,J., Mitildzans,A., Isaguliants,M.		2013	2025-06-30	dsDNA
PV809649	GenBank	Human papillomavirus 16	Alphapapillomavirus 9	16	VV1971	Human papillomavirus 16 isolate VV1971, complete genome	7881	complete	Latvia	Latvia	Homo sapiens		Zrelovs,N., Jansons,J., Spridzane,A., Sokolovska,L., Biserova,K., Krisane,D., Orlova,B., Petrovska,M., Nazarenko,M., Ilinskaya,A., Nazarovs,J., Mitildzans,A., Isaguliants,M.		2016	2025-06-30	dsDNA
PV809650	GenBank	Human papillomavirus 16	Alphapapillomavirus 9	16	KE1980	Human papillomavirus 16 isolate KE1980, complete genome	7905	complete	Latvia	Latvia	Homo sapiens		Zrelovs,N., Jansons,J., Spridzane,A., Sokolovska,L., Biserova,K., Krisane,D., Orlova,B., Petrovska,M., Nazarenko,M., Ilinskaya,A., Nazarovs,J., Mitildzans,A., Isaguliants,M.		2014	2025-06-30	dsDNA
PV809651	GenBank	Human papillomavirus 16	Alphapapillomavirus 9	16	JO1976	Human papillomavirus 16 isolate JO1976, complete genome	7906	complete	Latvia	Latvia	Homo sapiens		Zrelovs,N., Jansons,J., Spridzane,A., Sokolovska,L., Biserova,K., Krisane,D., Orlova,B., Petrovska,M., Nazarenko,M., Ilinskaya,A., Nazarovs,J., Mitildzans,A., Isaguliants,M.		2020	2025-06-30	dsDNA
PV809652	GenBank	Human papillomavirus 16	Alphapapillomavirus 9	16	II1977	Human papillomavirus 16 isolate II1977, complete genome	7909	complete	Latvia	Latvia	Homo sapiens		Zrelovs,N., Jansons,J., Spridzane,A., Sokolovska,L., Biserova,K., Krisane,D., Orlova,B., Petrovska,M., Nazarenko,M., Ilinskaya,A., Nazarovs,J., Mitildzans,A., Isaguliants,M.		2023	2025-06-30	dsDNA
PV809654	GenBank	Human papillomavirus 16	Alphapapillomavirus 9	16	VS1969	Human papillomavirus 16 isolate VS1969, complete genome	7906	complete	Latvia	Latvia	Homo sapiens		Zrelovs,N., Jansons,J., Spridzane,A., Sokolovska,L., Biserova,K., Krisane,D., Orlova,B., Petrovska,M., Nazarenko,M., Ilinskaya,A., Nazarovs,J., Mitildzans,A., Isaguliants,M.		2021	2025-06-30	dsDNA
PV809655	GenBank	Human papillomavirus 16	Alphapapillomavirus 9	16	ID1967	Human papillomavirus 16 isolate ID1967, complete genome	7906	complete	Latvia	Latvia	Homo sapiens		Zrelovs,N., Jansons,J., Spridzane,A., Sokolovska,L., Biserova,K., Krisane,D., Orlova,B., Petrovska,M., Nazarenko,M., Ilinskaya,A., Nazarovs,J., Mitildzans,A., Isaguliants,M.		2023	2025-06-30	dsDNA
PV809656	GenBank	Human papillomavirus 16	Alphapapillomavirus 9	16	BK1957	Human papillomavirus 16 isolate BK1957, complete genome	7908	complete	Latvia	Latvia	Homo sapiens		Zrelovs,N., Jansons,J., Spridzane,A., Sokolovska,L., Biserova,K., Krisane,D., Orlova,B., Petrovska,M., Nazarenko,M., Ilinskaya,A., Nazarovs,J., Mitildzans,A., Isaguliants,M.		2023	2025-06-30	dsDNA
PV809657	GenBank	Human papillomavirus 16	Alphapapillomavirus 9	16	NR1992	Human papillomavirus 16 isolate NR1992, complete genome	7906	complete	Latvia	Latvia	Homo sapiens		Zrelovs,N., Jansons,J., Spridzane,A., Sokolovska,L., Biserova,K., Krisane,D., Orlova,B., Petrovska,M., Nazarenko,M., Ilinskaya,A., Nazarovs,J., Mitildzans,A., Isaguliants,M.		2021	2025-06-30	dsDNA
PV809658	GenBank	Human papillomavirus 16	Alphapapillomavirus 9	16	KM1991	Human papillomavirus 16 isolate KM1991, complete genome	7905	complete	Latvia	Latvia	Homo sapiens		Zrelovs,N., Jansons,J., Spridzane,A., Sokolovska,L., Biserova,K., Krisane,D., Orlova,B., Petrovska,M., Nazarenko,M., Ilinskaya,A., Nazarovs,J., Mitildzans,A., Isaguliants,M.		2021	2025-06-30	dsDNA
PV809659	GenBank	Human papillomavirus 16	Alphapapillomavirus 9	16	JG1986	Human papillomavirus 16 isolate JG1986, complete genome	7910	complete	Latvia	Latvia	Homo sapiens		Zrelovs,N., Jansons,J., Spridzane,A., Sokolovska,L., Biserova,K., Krisane,D., Orlova,B., Petrovska,M., Nazarenko,M., Ilinskaya,A., Nazarovs,J., Mitildzans,A., Isaguliants,M.		2019	2025-06-30	dsDNA
PV809660	GenBank	Human papillomavirus 16	Alphapapillomavirus 9	16	NS1986	Human papillomavirus 16 isolate NS1986, complete genome	7907	complete	Latvia	Latvia	Homo sapiens		Zrelovs,N., Jansons,J., Spridzane,A., Sokolovska,L., Biserova,K., Krisane,D., Orlova,B., Petrovska,M., Nazarenko,M., Ilinskaya,A., Nazarovs,J., Mitildzans,A., Isaguliants,M.		2023	2025-06-30	dsDNA
PV809661	GenBank	Human papillomavirus 16	Alphapapillomavirus 9	16	JO1980	Human papillomavirus 16 isolate JO1980, complete genome	7893	complete	Latvia	Latvia	Homo sapiens		Zrelovs,N., Jansons,J., Spridzane,A., Sokolovska,L., Biserova,K., Krisane,D., Orlova,B., Petrovska,M., Nazarenko,M., Ilinskaya,A., Nazarovs,J., Mitildzans,A., Isaguliants,M.		2017	2025-06-30	dsDNA
PV809662	GenBank	Human papillomavirus 16	Alphapapillomavirus 9	16	JD1989	Human papillomavirus 16 isolate JD1989, complete genome	7905	complete	Latvia	Latvia	Homo sapiens		Zrelovs,N., Jansons,J., Spridzane,A., Sokolovska,L., Biserova,K., Krisane,D., Orlova,B., Petrovska,M., Nazarenko,M., Ilinskaya,A., Nazarovs,J., Mitildzans,A., Isaguliants,M.		2015	2025-06-30	dsDNA
PV051119	GenBank	Human papillomavirus 16	Alphapapillomavirus 9		#003	Human papillomavirus 16 isolate #003, complete genome	7906	complete	France	France	Homo sapiens	cervix	Malet,I., Draa,I., Leducq,V., Vuong,F., Bonnafous,P., Marcelin,A.G., Calvez,V., Jary,A., Marcelin,A.-G.	1	2021	2025-06-23	dsDNA
PV051120	GenBank	Human papillomavirus 16	Alphapapillomavirus 9		#007	Human papillomavirus 16 isolate #007, complete genome	7906	complete	France	France	Homo sapiens		Malet,I., Draa,I., Leducq,V., Vuong,F., Bonnafous,P., Marcelin,A.G., Calvez,V., Jary,A., Marcelin,A.-G.	1	2023	2025-06-23	dsDNA
PV051121	GenBank	Human papillomavirus 16	Alphapapillomavirus 9		#008	Human papillomavirus 16 isolate #008, complete genome	7906	complete	France	France	Homo sapiens	cervix	Malet,I., Draa,I., Leducq,V., Vuong,F., Bonnafous,P., Marcelin,A.G., Calvez,V., Jary,A., Marcelin,A.-G.	1	2020	2025-06-23	dsDNA
PV051122	GenBank	Human papillomavirus 16	Alphapapillomavirus 9		#010	Human papillomavirus 16 isolate #010, complete genome	7906	complete	France	France	Homo sapiens		Malet,I., Draa,I., Leducq,V., Vuong,F., Bonnafous,P., Marcelin,A.G., Calvez,V., Jary,A., Marcelin,A.-G.	1	2021	2025-06-23	dsDNA
PV051123	GenBank	Human papillomavirus 16	Alphapapillomavirus 9		#011	Human papillomavirus 16 isolate #011, complete genome	7906	complete	France	France	Homo sapiens		Malet,I., Draa,I., Leducq,V., Vuong,F., Bonnafous,P., Marcelin,A.G., Calvez,V., Jary,A., Marcelin,A.-G.	1	2023	2025-06-23	dsDNA
PV051125	GenBank	Human papillomavirus 16	Alphapapillomavirus 9		#016	Human papillomavirus 16 isolate #016, complete genome	7906	complete	France	France	Homo sapiens		Malet,I., Draa,I., Leducq,V., Vuong,F., Bonnafous,P., Marcelin,A.G., Calvez,V., Jary,A., Marcelin,A.-G.	1	2020	2025-06-23	dsDNA
PV051126	GenBank	Human papillomavirus 16	Alphapapillomavirus 9		#019	Human papillomavirus 16 isolate #019, complete genome	7896	complete	France	France	Homo sapiens		Malet,I., Draa,I., Leducq,V., Vuong,F., Bonnafous,P., Marcelin,A.G., Calvez,V., Jary,A., Marcelin,A.-G.	1	2023	2025-06-23	dsDNA
PV051127	GenBank	Human papillomavirus 16	Alphapapillomavirus 9		#020	Human papillomavirus 16 isolate #020, complete genome	7906	complete	France	France	Homo sapiens	cervix	Malet,I., Draa,I., Leducq,V., Vuong,F., Bonnafous,P., Marcelin,A.G., Calvez,V., Jary,A., Marcelin,A.-G.	1	2020	2025-06-23	dsDNA
PV051128	GenBank	Human papillomavirus 16	Alphapapillomavirus 9		#025	Human papillomavirus 16 isolate #025, complete genome	7906	complete	France	France	Homo sapiens		Malet,I., Draa,I., Leducq,V., Vuong,F., Bonnafous,P., Marcelin,A.G., Calvez,V., Jary,A., Marcelin,A.-G.	1	2023	2025-06-23	dsDNA
PV051129	GenBank	Human papillomavirus 16	Alphapapillomavirus 9		#026	Human papillomavirus 16 isolate #026, complete genome	7906	complete	France	France	Homo sapiens		Malet,I., Draa,I., Leducq,V., Vuong,F., Bonnafous,P., Marcelin,A.G., Calvez,V., Jary,A., Marcelin,A.-G.	1	2023	2025-06-23	dsDNA
PV051130	GenBank	Human papillomavirus 16	Alphapapillomavirus 9		#027	Human papillomavirus 16 isolate #027, complete genome	7906	complete	France	France	Homo sapiens		Malet,I., Draa,I., Leducq,V., Vuong,F., Bonnafous,P., Marcelin,A.G., Calvez,V., Jary,A., Marcelin,A.-G.	1	2023	2025-06-23	dsDNA
PV051131	GenBank	Human papillomavirus 16	Alphapapillomavirus 9		#028	Human papillomavirus 16 isolate #028, complete genome	7897	complete	France	France	Homo sapiens		Malet,I., Draa,I., Leducq,V., Vuong,F., Bonnafous,P., Marcelin,A.G., Calvez,V., Jary,A., Marcelin,A.-G.	1	2024	2025-06-23	dsDNA
PV051132	GenBank	Human papillomavirus 16	Alphapapillomavirus 9		#030	Human papillomavirus 16 isolate #030, complete genome	7906	complete	France	France	Homo sapiens		Malet,I., Draa,I., Leducq,V., Vuong,F., Bonnafous,P., Marcelin,A.G., Calvez,V., Jary,A., Marcelin,A.-G.	1	2024	2025-06-23	dsDNA
PV051133	GenBank	Human papillomavirus 16	Alphapapillomavirus 9		#031	Human papillomavirus 16 isolate #031, complete genome	7906	complete	France	France	Homo sapiens		Malet,I., Draa,I., Leducq,V., Vuong,F., Bonnafous,P., Marcelin,A.G., Calvez,V., Jary,A., Marcelin,A.-G.	1	2024	2025-06-23	dsDNA
PV051134	GenBank	Human papillomavirus 16	Alphapapillomavirus 9		#032	Human papillomavirus 16 isolate #032, complete genome	7906	complete	France	France	Homo sapiens		Malet,I., Draa,I., Leducq,V., Vuong,F., Bonnafous,P., Marcelin,A.G., Calvez,V., Jary,A., Marcelin,A.-G.	1	2024	2025-06-23	dsDNA
PV051135	GenBank	Human papillomavirus 16	Alphapapillomavirus 9		#034	Human papillomavirus 16 isolate #034, complete genome	7906	complete	France	France	Homo sapiens		Malet,I., Draa,I., Leducq,V., Vuong,F., Bonnafous,P., Marcelin,A.G., Calvez,V., Jary,A., Marcelin,A.-G.	1	2023	2025-06-23	dsDNA
PV051136	GenBank	Human papillomavirus 16	Alphapapillomavirus 9		#035	Human papillomavirus 16 isolate #035, complete genome	7906	complete	France	France	Homo sapiens		Malet,I., Draa,I., Leducq,V., Vuong,F., Bonnafous,P., Marcelin,A.G., Calvez,V., Jary,A., Marcelin,A.-G.	1	2023	2025-06-23	dsDNA
PV051137	GenBank	Human papillomavirus 16	Alphapapillomavirus 9		#036	Human papillomavirus 16 isolate #036, complete genome	7906	complete	France	France	Homo sapiens		Malet,I., Draa,I., Leducq,V., Vuong,F., Bonnafous,P., Marcelin,A.G., Calvez,V., Jary,A., Marcelin,A.-G.	1	2024	2025-06-23	dsDNA
PV051138	GenBank	Human papillomavirus 16	Alphapapillomavirus 9		#037	Human papillomavirus 16 isolate #037, complete genome	7906	complete	France	France	Homo sapiens		Malet,I., Draa,I., Leducq,V., Vuong,F., Bonnafous,P., Marcelin,A.G., Calvez,V., Jary,A., Marcelin,A.-G.	1	2024	2025-06-23	dsDNA
PV051139	GenBank	Human papillomavirus 16	Alphapapillomavirus 9		#038	Human papillomavirus 16 isolate #038, complete genome	7906	complete	France	France	Homo sapiens		Malet,I., Draa,I., Leducq,V., Vuong,F., Bonnafous,P., Marcelin,A.G., Calvez,V., Jary,A., Marcelin,A.-G.	1	2024	2025-06-23	dsDNA
PV051140	GenBank	Human papillomavirus 16	Alphapapillomavirus 9		#040	Human papillomavirus 16 isolate #040, complete genome	7906	complete	France	France	Homo sapiens		Malet,I., Draa,I., Leducq,V., Vuong,F., Bonnafous,P., Marcelin,A.G., Calvez,V., Jary,A., Marcelin,A.-G.	1	2023	2025-06-23	dsDNA
PV051141	GenBank	Human papillomavirus 16	Alphapapillomavirus 9		#042	Human papillomavirus 16 isolate #042, complete genome	7885	complete	France	France	Homo sapiens		Malet,I., Draa,I., Leducq,V., Vuong,F., Bonnafous,P., Marcelin,A.G., Calvez,V., Jary,A., Marcelin,A.-G.	1	2023	2025-06-23	dsDNA
PV051142	GenBank	Human papillomavirus 16	Alphapapillomavirus 9		#045	Human papillomavirus 16 isolate #045, complete genome	7906	complete	France	France	Homo sapiens	cervix	Malet,I., Draa,I., Leducq,V., Vuong,F., Bonnafous,P., Marcelin,A.G., Calvez,V., Jary,A., Marcelin,A.-G.	1	2023	2025-06-23	dsDNA
PV051143	GenBank	Human papillomavirus 16	Alphapapillomavirus 9		#047	Human papillomavirus 16 isolate #047, complete genome	7906	complete	France	France	Homo sapiens	cervix	Malet,I., Draa,I., Leducq,V., Vuong,F., Bonnafous,P., Marcelin,A.G., Calvez,V., Jary,A., Marcelin,A.-G.	1	2024	2025-06-23	dsDNA
PV051144	GenBank	Human papillomavirus 16	Alphapapillomavirus 9		#048	Human papillomavirus 16 isolate #048, complete genome	7906	complete	France	France	Homo sapiens	cervix	Malet,I., Draa,I., Leducq,V., Vuong,F., Bonnafous,P., Marcelin,A.G., Calvez,V., Jary,A., Marcelin,A.-G.	1	2023	2025-06-23	dsDNA
PV051145	GenBank	Human papillomavirus 16	Alphapapillomavirus 9		#049	Human papillomavirus 16 isolate #049, complete genome	7906	complete	France	France	Homo sapiens	cervix	Malet,I., Draa,I., Leducq,V., Vuong,F., Bonnafous,P., Marcelin,A.G., Calvez,V., Jary,A., Marcelin,A.-G.	1	2023	2025-06-23	dsDNA
PV051146	GenBank	Human papillomavirus 16	Alphapapillomavirus 9		#054	Human papillomavirus 16 isolate #054, complete genome	7906	complete	France	France	Homo sapiens		Malet,I., Draa,I., Leducq,V., Vuong,F., Bonnafous,P., Marcelin,A.G., Calvez,V., Jary,A., Marcelin,A.-G.	1	2024	2025-06-23	dsDNA
PV051147	GenBank	Human papillomavirus 16	Alphapapillomavirus 9		#055	Human papillomavirus 16 isolate #055, complete genome	7906	complete	France	France	Homo sapiens		Malet,I., Draa,I., Leducq,V., Vuong,F., Bonnafous,P., Marcelin,A.G., Calvez,V., Jary,A., Marcelin,A.-G.	1	2024	2025-06-23	dsDNA
PV051148	GenBank	Human papillomavirus 16	Alphapapillomavirus 9		#056	Human papillomavirus 16 isolate #056, complete genome	7906	complete	France	France	Homo sapiens		Malet,I., Draa,I., Leducq,V., Vuong,F., Bonnafous,P., Marcelin,A.G., Calvez,V., Jary,A., Marcelin,A.-G.	1	2024	2025-06-23	dsDNA
PV051149	GenBank	Human papillomavirus 16	Alphapapillomavirus 9		#064	Human papillomavirus 16 isolate #064, complete genome	7906	complete	France	France	Homo sapiens		Malet,I., Draa,I., Leducq,V., Vuong,F., Bonnafous,P., Marcelin,A.G., Calvez,V., Jary,A., Marcelin,A.-G.	1	2017	2025-06-23	dsDNA
PV051150	GenBank	Human papillomavirus 16	Alphapapillomavirus 9		#065	Human papillomavirus 16 isolate #065, complete genome	7906	complete	France	France	Homo sapiens		Malet,I., Draa,I., Leducq,V., Vuong,F., Bonnafous,P., Marcelin,A.G., Calvez,V., Jary,A., Marcelin,A.-G.	1	2018	2025-06-23	dsDNA
PV051151	GenBank	Human papillomavirus 16	Alphapapillomavirus 9		#066	Human papillomavirus 16 isolate #066, complete genome	7906	complete	Cambodia	Cambodia	Homo sapiens		Malet,I., Draa,I., Leducq,V., Vuong,F., Bonnafous,P., Marcelin,A.G., Calvez,V., Jary,A., Marcelin,A.-G.	1	2021	2025-06-23	dsDNA
PV051152	GenBank	Human papillomavirus 16	Alphapapillomavirus 9		#067	Human papillomavirus 16 isolate #067, complete genome	7906	complete	Cambodia	Cambodia	Homo sapiens		Malet,I., Draa,I., Leducq,V., Vuong,F., Bonnafous,P., Marcelin,A.G., Calvez,V., Jary,A., Marcelin,A.-G.	1	2021	2025-06-23	dsDNA
PV051153	GenBank	Human papillomavirus 16	Alphapapillomavirus 9		#069	Human papillomavirus 16 isolate #069, complete genome	7906	complete	Cambodia	Cambodia	Homo sapiens		Malet,I., Draa,I., Leducq,V., Vuong,F., Bonnafous,P., Marcelin,A.G., Calvez,V., Jary,A., Marcelin,A.-G.	1	2021	2025-06-23	dsDNA
PV051154	GenBank	Human papillomavirus 16	Alphapapillomavirus 9		#070	Human papillomavirus 16 isolate #070, complete genome	7906	complete	Cambodia	Cambodia	Homo sapiens		Malet,I., Draa,I., Leducq,V., Vuong,F., Bonnafous,P., Marcelin,A.G., Calvez,V., Jary,A., Marcelin,A.-G.	1	2021	2025-06-23	dsDNA
PV051155	GenBank	Human papillomavirus 16	Alphapapillomavirus 9		#074	Human papillomavirus 16 isolate #074, complete genome	7906	complete	Cambodia	Cambodia	Homo sapiens		Malet,I., Draa,I., Leducq,V., Vuong,F., Bonnafous,P., Marcelin,A.G., Calvez,V., Jary,A., Marcelin,A.-G.	1	2021	2025-06-23	dsDNA
PV051156	GenBank	Human papillomavirus 16	Alphapapillomavirus 9		#077	Human papillomavirus 16 isolate #077, complete genome	7906	complete	Cambodia	Cambodia	Homo sapiens		Malet,I., Draa,I., Leducq,V., Vuong,F., Bonnafous,P., Marcelin,A.G., Calvez,V., Jary,A., Marcelin,A.-G.	1	2021	2025-06-23	dsDNA
PV051157	GenBank	Human papillomavirus 16	Alphapapillomavirus 9		#078	Human papillomavirus 16 isolate #078, complete genome	7906	complete	Cambodia	Cambodia	Homo sapiens		Malet,I., Draa,I., Leducq,V., Vuong,F., Bonnafous,P., Marcelin,A.G., Calvez,V., Jary,A., Marcelin,A.-G.	1	2021	2025-06-23	dsDNA
PV051158	GenBank	Human papillomavirus 16	Alphapapillomavirus 9		#079	Human papillomavirus 16 isolate #079, complete genome	7897	complete	Cambodia	Cambodia	Homo sapiens		Malet,I., Draa,I., Leducq,V., Vuong,F., Bonnafous,P., Marcelin,A.G., Calvez,V., Jary,A., Marcelin,A.-G.	1	2021	2025-06-23	dsDNA
PV051159	GenBank	Human papillomavirus 16	Alphapapillomavirus 9		#080	Human papillomavirus 16 isolate #080, complete genome	7906	complete	Cambodia	Cambodia	Homo sapiens		Malet,I., Draa,I., Leducq,V., Vuong,F., Bonnafous,P., Marcelin,A.G., Calvez,V., Jary,A., Marcelin,A.-G.	1	2021	2025-06-23	dsDNA
PV051160	GenBank	Human papillomavirus 16	Alphapapillomavirus 9		#081	Human papillomavirus 16 isolate #081, complete genome	7906	complete	Cambodia	Cambodia	Homo sapiens		Malet,I., Draa,I., Leducq,V., Vuong,F., Bonnafous,P., Marcelin,A.G., Calvez,V., Jary,A., Marcelin,A.-G.	1	2021	2025-06-23	dsDNA
PV051161	GenBank	Human papillomavirus 16	Alphapapillomavirus 9		#082	Human papillomavirus 16 isolate #082, complete genome	7906	complete	Cambodia	Cambodia	Homo sapiens		Malet,I., Draa,I., Leducq,V., Vuong,F., Bonnafous,P., Marcelin,A.G., Calvez,V., Jary,A., Marcelin,A.-G.	1	2021	2025-06-23	dsDNA
PV051162	GenBank	Human papillomavirus 16	Alphapapillomavirus 9		#084	Human papillomavirus 16 isolate #084, complete genome	7906	complete	France	France	Homo sapiens		Malet,I., Draa,I., Leducq,V., Vuong,F., Bonnafous,P., Marcelin,A.G., Calvez,V., Jary,A., Marcelin,A.-G.	1	2018	2025-06-23	dsDNA
PV051163	GenBank	Human papillomavirus 16	Alphapapillomavirus 9		#085	Human papillomavirus 16 isolate #085, complete genome	7906	complete	Cambodia	Cambodia	Homo sapiens		Malet,I., Draa,I., Leducq,V., Vuong,F., Bonnafous,P., Marcelin,A.G., Calvez,V., Jary,A., Marcelin,A.-G.	1	2021	2025-06-23	dsDNA
PV051164	GenBank	Human papillomavirus 16	Alphapapillomavirus 9		#087	Human papillomavirus 16 isolate #087, complete genome	7906	complete	Cambodia	Cambodia	Homo sapiens		Malet,I., Draa,I., Leducq,V., Vuong,F., Bonnafous,P., Marcelin,A.G., Calvez,V., Jary,A., Marcelin,A.-G.	1	2021	2025-06-23	dsDNA
PV051165	GenBank	Human papillomavirus 16	Alphapapillomavirus 9		#088	Human papillomavirus 16 isolate #088, complete genome	7906	complete	Cambodia	Cambodia	Homo sapiens		Malet,I., Draa,I., Leducq,V., Vuong,F., Bonnafous,P., Marcelin,A.G., Calvez,V., Jary,A., Marcelin,A.-G.	1	2021	2025-06-23	dsDNA
PV051166	GenBank	Human papillomavirus 16	Alphapapillomavirus 9		#090	Human papillomavirus 16 isolate #090, complete genome	7906	complete	Cambodia	Cambodia	Homo sapiens		Malet,I., Draa,I., Leducq,V., Vuong,F., Bonnafous,P., Marcelin,A.G., Calvez,V., Jary,A., Marcelin,A.-G.	1	2021	2025-06-23	dsDNA
PV051167	GenBank	Human papillomavirus 16	Alphapapillomavirus 9		#091	Human papillomavirus 16 isolate #091, complete genome	7906	complete	Cambodia	Cambodia	Homo sapiens		Malet,I., Draa,I., Leducq,V., Vuong,F., Bonnafous,P., Marcelin,A.G., Calvez,V., Jary,A., Marcelin,A.-G.	1	2021	2025-06-23	dsDNA
PV051168	GenBank	Human papillomavirus 16	Alphapapillomavirus 9		#092	Human papillomavirus 16 isolate #092, complete genome	7906	complete	France	France	Homo sapiens	cervix	Malet,I., Draa,I., Leducq,V., Vuong,F., Bonnafous,P., Marcelin,A.G., Calvez,V., Jary,A., Marcelin,A.-G.	1	2024	2025-06-23	dsDNA
PV426493	GenBank	Human papillomavirus 16	Alphapapillomavirus 9		HPV16/Russia/SPE-RII-SS16/2024	Human papillomavirus 16 isolate HPV16/Russia/SPE-RII-SS16/2024, complete genome	7903	complete	Russia: Saint Petersburg	Russia	Homo sapiens		Ivanova,A.A., Ershov,V.A., Yolshin,N.D., Perederiy,A.A., Komissarov,A.B.		2024-12-02	2025-04-13	dsDNA
PV426494	GenBank	Human papillomavirus 16	Alphapapillomavirus 9		HPV16/Russia/SPE-RII-SS18/2024	Human papillomavirus 16 isolate HPV16/Russia/SPE-RII-SS18/2024, complete genome	7906	complete	Russia: Saint Petersburg	Russia	Homo sapiens	cervix	Ivanova,A.A., Ershov,V.A., Yolshin,N.D., Perederiy,A.A., Komissarov,A.B.		2024-12-16	2025-04-13	dsDNA
PV426495	GenBank	Human papillomavirus 16	Alphapapillomavirus 9		HPV16/Russia/SPE-RII-SS22/2025	Human papillomavirus 16 isolate HPV16/Russia/SPE-RII-SS22/2025, complete genome	7895	complete	Russia: Saint Petersburg	Russia	Homo sapiens		Ivanova,A.A., Ershov,V.A., Yolshin,N.D., Perederiy,A.A., Komissarov,A.B.		2025-02-24	2025-04-13	dsDNA
PV426496	GenBank	Human papillomavirus 16	Alphapapillomavirus 9		HPV16/Russia/SPE-RII-SS23/2025	Human papillomavirus 16 isolate HPV16/Russia/SPE-RII-SS23/2025, complete genome	7906	complete	Russia: Saint Petersburg	Russia	Homo sapiens	cervix	Ivanova,A.A., Ershov,V.A., Yolshin,N.D., Perederiy,A.A., Komissarov,A.B.		2025-02-03	2025-04-13	dsDNA
PV426497	GenBank	Human papillomavirus 16	Alphapapillomavirus 9		HPV16/Russia/SPE-RII-SS27/2025	Human papillomavirus 16 isolate HPV16/Russia/SPE-RII-SS27/2025, complete genome	7905	complete	Russia: Saint Petersburg	Russia	Homo sapiens		Ivanova,A.A., Ershov,V.A., Yolshin,N.D., Perederiy,A.A., Komissarov,A.B.		2025-02-07	2025-04-13	dsDNA
PV426498	GenBank	Human papillomavirus 16	Alphapapillomavirus 9		HPV16/Russia/SPE-RII-SS30/2025	Human papillomavirus 16 isolate HPV16/Russia/SPE-RII-SS30/2025, complete genome	7906	complete	Russia: Saint Petersburg	Russia	Homo sapiens		Ivanova,A.A., Ershov,V.A., Yolshin,N.D., Perederiy,A.A., Komissarov,A.B.		2025-02-18	2025-04-13	dsDNA
PV426499	GenBank	Human papillomavirus 16	Alphapapillomavirus 9		HPV16/Russia/SPE-RII-SS31/2025	Human papillomavirus 16 isolate HPV16/Russia/SPE-RII-SS31/2025, complete genome	7881	complete	Russia: Saint Petersburg	Russia	Homo sapiens		Ivanova,A.A., Ershov,V.A., Yolshin,N.D., Perederiy,A.A., Komissarov,A.B.		2025-02-17	2025-04-13	dsDNA
PV426502	GenBank	Human papillomavirus 16	Alphapapillomavirus 9		HPV16/Russia/SPE-RII-CS1217/2024	Human papillomavirus 16 isolate HPV16/Russia/SPE-RII-CS1217/2024, complete genome	7905	complete	Russia: Saint Petersburg	Russia	Homo sapiens		Ivanova,A.A., Ershov,V.A., Yolshin,N.D., Perederiy,A.A., Komissarov,A.B.		2024-09-07	2025-04-13	dsDNA
PV426503	GenBank	Human papillomavirus 16	Alphapapillomavirus 9		HPV16/Russia/SPE-RII-CS1204/2024	Human papillomavirus 16 isolate HPV16/Russia/SPE-RII-CS1204/2024, complete genome	7906	complete	Russia: Saint Petersburg	Russia	Homo sapiens		Ivanova,A.A., Ershov,V.A., Yolshin,N.D., Perederiy,A.A., Komissarov,A.B.		2024-08-29	2025-04-13	dsDNA
PV426504	GenBank	Human papillomavirus 16	Alphapapillomavirus 9		HPV16/Russia/SPE-RII-CS1212/2024	Human papillomavirus 16 isolate HPV16/Russia/SPE-RII-CS1212/2024, complete genome	7906	complete	Russia: Saint Petersburg	Russia	Homo sapiens	cervix	Ivanova,A.A., Ershov,V.A., Yolshin,N.D., Perederiy,A.A., Komissarov,A.B.		2024-07-09	2025-04-13	dsDNA
PV426505	GenBank	Human papillomavirus 16	Alphapapillomavirus 9		HPV16/Russia/SPE-RII-CS1198/2024	Human papillomavirus 16 isolate HPV16/Russia/SPE-RII-CS1198/2024, complete genome	7906	complete	Russia: Saint Petersburg	Russia	Homo sapiens		Ivanova,A.A., Ershov,V.A., Yolshin,N.D., Perederiy,A.A., Komissarov,A.B.		2024-08-05	2025-04-13	dsDNA
PV426506	GenBank	Human papillomavirus 16	Alphapapillomavirus 9		HPV16/Russia/SPE-RII-CS1200/2024	Human papillomavirus 16 isolate HPV16/Russia/SPE-RII-CS1200/2024, complete genome	7906	complete	Russia: Saint Petersburg	Russia	Homo sapiens		Ivanova,A.A., Ershov,V.A., Yolshin,N.D., Perederiy,A.A., Komissarov,A.B.		2024-08-14	2025-04-13	dsDNA
PV426507	GenBank	Human papillomavirus 16	Alphapapillomavirus 9		HPV16/Russia/SPE-RII-CS1194/2024	Human papillomavirus 16 isolate HPV16/Russia/SPE-RII-CS1194/2024, complete genome	7906	complete	Russia: Saint Petersburg	Russia	Homo sapiens		Ivanova,A.A., Ershov,V.A., Yolshin,N.D., Perederiy,A.A., Komissarov,A.B.		2024-06-27	2025-04-13	dsDNA
PV426508	GenBank	Human papillomavirus 16	Alphapapillomavirus 9		HPV16/Russia/SPE-RII-CS1207/2024	Human papillomavirus 16 isolate HPV16/Russia/SPE-RII-CS1207/2024, complete genome	7906	complete	Russia: Saint Petersburg	Russia	Homo sapiens		Ivanova,A.A., Ershov,V.A., Yolshin,N.D., Perederiy,A.A., Komissarov,A.B.		2024-09-25	2025-04-13	dsDNA
PV426509	GenBank	Human papillomavirus 16	Alphapapillomavirus 9		HPV16/Russia/SPE-RII-CS1208/2024	Human papillomavirus 16 isolate HPV16/Russia/SPE-RII-CS1208/2024, complete genome	7906	complete	Russia: Saint Petersburg	Russia	Homo sapiens		Ivanova,A.A., Ershov,V.A., Yolshin,N.D., Perederiy,A.A., Komissarov,A.B.		2024-10-04	2025-04-13	dsDNA
PV426510	GenBank	Human papillomavirus 16	Alphapapillomavirus 9		HPV16/Russia/SPE-RII-CS1189/2024	Human papillomavirus 16 isolate HPV16/Russia/SPE-RII-CS1189/2024, complete genome	7906	complete	Russia: Saint Petersburg	Russia	Homo sapiens		Ivanova,A.A., Ershov,V.A., Yolshin,N.D., Perederiy,A.A., Komissarov,A.B.		2024-06-13	2025-04-13	dsDNA
PV426511	GenBank	Human papillomavirus 16	Alphapapillomavirus 9		HPV16/Russia/SPE-RII-CS1205/2024	Human papillomavirus 16 isolate HPV16/Russia/SPE-RII-CS1205/2024, complete genome	7906	complete	Russia: Saint Petersburg	Russia	Homo sapiens	cervix	Ivanova,A.A., Ershov,V.A., Yolshin,N.D., Perederiy,A.A., Komissarov,A.B.		2024-08-27	2025-04-13	dsDNA
PV426512	GenBank	Human papillomavirus 16	Alphapapillomavirus 9		HPV16/Russia/SPE-RII-CS1214/2024	Human papillomavirus 16 isolate HPV16/Russia/SPE-RII-CS1214/2024, complete genome	7906	complete	Russia: Saint Petersburg	Russia	Homo sapiens		Ivanova,A.A., Ershov,V.A., Yolshin,N.D., Perederiy,A.A., Komissarov,A.B.		2024-08-15	2025-04-13	dsDNA
PV426513	GenBank	Human papillomavirus 16	Alphapapillomavirus 9		HPV16/Russia/SPE-RII-CS1195/2024	Human papillomavirus 16 isolate HPV16/Russia/SPE-RII-CS1195/2024, complete genome	7906	complete	Russia: Saint Petersburg	Russia	Homo sapiens		Ivanova,A.A., Ershov,V.A., Yolshin,N.D., Perederiy,A.A., Komissarov,A.B.		2024-07-01	2025-04-13	dsDNA
PV426514	GenBank	Human papillomavirus 16	Alphapapillomavirus 9		HPV16/Russia/SPE-RII-CS1192/2024	Human papillomavirus 16 isolate HPV16/Russia/SPE-RII-CS1192/2024, complete genome	7906	complete	Russia: Saint Petersburg	Russia	Homo sapiens		Ivanova,A.A., Ershov,V.A., Yolshin,N.D., Perederiy,A.A., Komissarov,A.B.		2024-06-24	2025-04-13	dsDNA
PV353981	GenBank	Human papillomavirus 16	Alphapapillomavirus 9		MBC067-PA16	Human papillomavirus 16 isolate MBC067-PA16, complete genome	7824	complete	Spain	Spain			Mendoza,P., Ortiz-Alvarez,L.		2021-02-22	2025-04-05	dsDNA
PV358396	GenBank	Human papillomavirus 16	Alphapapillomavirus 9			Human papillomavirus 16 strain LMM72152, complete genome	7906	complete	Brazil	Brazil	Homo sapiens	cervix	Pereira,V.M.A.G., Filippi,M., Girardi,V., Hansen,A.W., Gularte,J.S., Sita,A., Demoliner,M., Comerlato,J., Fleck,J.D., Da Silva,M.S., Spilki,F.R.		2022	2025-04-05	dsDNA
PV358398	GenBank	Human papillomavirus 16	Alphapapillomavirus 9			Human papillomavirus 16 strain LMM72288, complete genome	7906	complete	Brazil	Brazil	Homo sapiens	cervix	Pereira,V., Filippi,M., Girardi,V., Hansen,A.W., Gularte,J.S., Sita,A., Demoliner,M., Comerlato,J., Fleck,J.D., Da Silva,M.S., Spilki,F.R.		2022	2025-04-05	dsDNA
OP711986	GenBank	Human papillomavirus 16	Alphapapillomavirus 9		V521R483_HPV16	Human papillomavirus type 16 isolate V521R483_HPV16, complete genome	7904	complete	Togo	Togo	Homo sapiens		Coppee,R., Ferre,V.M., Gbeasor-Komlanvi,F.A., Vacher,S., Bucau,M., Salou,M., Lameiras,S., Couvelard,A., Claver Dagnra,A., Bieche,I., Descamps,D., Ekouevi,D.K., Ghosn,J., Charpentier,C.		2017-08	2023-11-24	dsDNA
OP712021	GenBank	Human papillomavirus 16	Alphapapillomavirus 9		V521R495_HPV16	Human papillomavirus type 16 isolate V521R495_HPV16, complete genome	7904	complete	Togo	Togo	Homo sapiens		Coppee,R., Ferre,V.M., Gbeasor-Komlanvi,F.A., Vacher,S., Bucau,M., Salou,M., Lameiras,S., Couvelard,A., Claver Dagnra,A., Bieche,I., Descamps,D., Ekouevi,D.K., Ghosn,J., Charpentier,C.		2017-08	2023-11-24	dsDNA
OP712041	GenBank	Human papillomavirus 16	Alphapapillomavirus 9		V523E06_HPV16	Human papillomavirus type 16 isolate V523E06_HPV16, complete genome	7903	complete	Togo	Togo	Homo sapiens		Coppee,R., Ferre,V.M., Gbeasor-Komlanvi,F.A., Vacher,S., Bucau,M., Salou,M., Lameiras,S., Couvelard,A., Claver Dagnra,A., Bieche,I., Descamps,D., Ekouevi,D.K., Ghosn,J., Charpentier,C.		2017-08	2023-11-24	dsDNA
OP712079	GenBank	Human papillomavirus 16	Alphapapillomavirus 9		V523E12_HPV16	Human papillomavirus type 16 isolate V523E12_HPV16, complete genome	7905	complete	Togo	Togo	Homo sapiens		Coppee,R., Ferre,V.M., Gbeasor-Komlanvi,F.A., Vacher,S., Bucau,M., Salou,M., Lameiras,S., Couvelard,A., Claver Dagnra,A., Bieche,I., Descamps,D., Ekouevi,D.K., Ghosn,J., Charpentier,C.		2017-08	2023-11-24	dsDNA
OP712097	GenBank	Human papillomavirus 16	Alphapapillomavirus 9		V523E18_HPV16	Human papillomavirus type 16 isolate V523E18_HPV16, complete genome	7904	complete	Togo	Togo	Homo sapiens		Coppee,R., Ferre,V.M., Gbeasor-Komlanvi,F.A., Vacher,S., Bucau,M., Salou,M., Lameiras,S., Couvelard,A., Claver Dagnra,A., Bieche,I., Descamps,D., Ekouevi,D.K., Ghosn,J., Charpentier,C.		2017-08	2023-11-24	dsDNA
LC786753	GenBank	Human papillomavirus 16	Alphapapillomavirus 9		SW0127	Human papillomavirus type 16 SW0127 DNA, complete genome	7905	complete	Japan	Japan	Homo sapiens		Miyamura,T., Onuki,M., Matsumoto,K., Kukimoto,I.		2021	2023-11-16	dsDNA
LC786754	GenBank	Human papillomavirus 16	Alphapapillomavirus 9		SW0128	Human papillomavirus type 16 SW0128 DNA, complete genome	7905	complete	Japan	Japan	Homo sapiens		Miyamura,T., Onuki,M., Matsumoto,K., Kukimoto,I.		2021	2023-11-16	dsDNA
LC786755	GenBank	Human papillomavirus 16	Alphapapillomavirus 9		SW0129	Human papillomavirus type 16 SW0129 DNA, complete genome	7905	complete	Japan	Japan	Homo sapiens		Miyamura,T., Onuki,M., Matsumoto,K., Kukimoto,I.		2021	2023-11-16	dsDNA
LC786756	GenBank	Human papillomavirus 16	Alphapapillomavirus 9		SW0131	Human papillomavirus type 16 SW0131 DNA, complete genome	7905	complete	Japan	Japan	Homo sapiens		Miyamura,T., Onuki,M., Matsumoto,K., Kukimoto,I.		2021	2023-11-16	dsDNA
LC786757	GenBank	Human papillomavirus 16	Alphapapillomavirus 9		SW0134	Human papillomavirus type 16 SW0134 DNA, complete genome	7973	complete	Japan	Japan	Homo sapiens		Miyamura,T., Onuki,M., Matsumoto,K., Kukimoto,I.		2021	2023-11-16	dsDNA
LC786758	GenBank	Human papillomavirus 16	Alphapapillomavirus 9		SW0138	Human papillomavirus type 16 SW0138 DNA, complete genome	7909	complete	Japan	Japan	Homo sapiens		Miyamura,T., Onuki,M., Matsumoto,K., Kukimoto,I.		2021	2023-11-16	dsDNA
LC786759	GenBank	Human papillomavirus 16	Alphapapillomavirus 9		SW0142	Human papillomavirus type 16 SW0142 DNA, complete genome	7905	complete	Japan	Japan	Homo sapiens		Miyamura,T., Onuki,M., Matsumoto,K., Kukimoto,I.		2022	2023-11-16	dsDNA
LC786760	GenBank	Human papillomavirus 16	Alphapapillomavirus 9		SW0152	Human papillomavirus type 16 SW0152 DNA, complete genome	7905	complete	Japan	Japan	Homo sapiens		Miyamura,T., Onuki,M., Matsumoto,K., Kukimoto,I.		2022	2023-11-16	dsDNA
OQ911727	GenBank	Human papillomavirus 16	Alphapapillomavirus 9		HNC49	Human papillomavirus 16 isolate HNC49, complete genome	7171	complete	Pakistan	Pakistan	Homo sapiens		Kashif,M., Minhas,S., Jahan,S., Nagi,A.H., Afzal,N.		2017-01	2023-07-16	dsDNA
OP971046	GenBank	Human papillomavirus 16	Alphapapillomavirus 9		UC094_LW_V2	Human papillomavirus type 16 isolate UC094_LW_V2, complete genome	7886	complete	South Africa	South Africa	Homo sapiens	vagina	Happel,A.-U., Balle,C., Havyarimana,E., Brown,B., Maust,B., Konstantinus,I.N., Feng,C., Yi,B.H., Gill,K., Bekker,L.-G., Passmore,J.-A.S., Jaspan,H.B., Varsani,A.		2017-02-02	2023-01-14	dsDNA
OP971062	GenBank	Human papillomavirus 16	Alphapapillomavirus 9		UC137_LW_V2	Human papillomavirus type 16 isolate UC137_LW_V2, complete genome	7904	complete	South Africa	South Africa	Homo sapiens	vagina	Happel,A.-U., Balle,C., Havyarimana,E., Brown,B., Maust,B., Konstantinus,I.N., Feng,C., Yi,B.H., Gill,K., Bekker,L.-G., Passmore,J.-A.S., Jaspan,H.B., Varsani,A.		2017-05-29	2023-01-14	dsDNA
OP971067	GenBank	Human papillomavirus 16	Alphapapillomavirus 9		UC159_LW_V2	Human papillomavirus type 16 isolate UC159_LW_V2, complete genome	7904	complete	South Africa	South Africa	Homo sapiens	vagina	Happel,A.-U., Balle,C., Havyarimana,E., Brown,B., Maust,B., Konstantinus,I.N., Feng,C., Yi,B.H., Gill,K., Bekker,L.-G., Passmore,J.-A.S., Jaspan,H.B., Varsani,A.		2017-09-13	2023-01-14	dsDNA
OP971070	GenBank	Human papillomavirus 16	Alphapapillomavirus 9		UC022_LW_V2	Human papillomavirus type 16 isolate UC022_LW_V2, complete genome	7908	complete	South Africa	South Africa	Homo sapiens	vagina	Happel,A.-U., Balle,C., Havyarimana,E., Brown,B., Maust,B., Konstantinus,I.N., Feng,C., Yi,B.H., Gill,K., Bekker,L.-G., Passmore,J.-A.S., Jaspan,H.B., Varsani,A.		2016-07-29	2023-01-14	dsDNA
OP971080	GenBank	Human papillomavirus 16	Alphapapillomavirus 9		UC094_LW_V3	Human papillomavirus type 16 isolate UC094_LW_V3, complete genome	7886	complete	South Africa	South Africa	Homo sapiens	vagina	Happel,A.-U., Balle,C., Havyarimana,E., Brown,B., Maust,B., Konstantinus,I.N., Feng,C., Yi,B.H., Gill,K., Bekker,L.-G., Passmore,J.-A.S., Jaspan,H.B., Varsani,A.		2017-05-23	2023-01-14	dsDNA
OP751552	GenBank	Human papillomavirus type 16	Alphapapillomavirus 9		Asymp_1	UNVERIFIED: Human papillomavirus type 16 isolate Asymp_1, complete sequence	7908	complete	United Kingdom	United Kingdom	Homo sapiens		Guerendiain,D.		2016	2022-11-27	dsDNA
OP751553	GenBank	Human papillomavirus type 16	Alphapapillomavirus 9		Asymp_2	UNVERIFIED: Human papillomavirus type 16 isolate Asymp_2, complete sequence	7909	complete	United Kingdom	United Kingdom	Homo sapiens		Guerendiain,D.		2016	2022-11-27	dsDNA
OP751554	GenBank	Human papillomavirus type 16	Alphapapillomavirus 9		Asymp_3	UNVERIFIED: Human papillomavirus type 16 isolate Asymp_3, complete sequence	7908	complete	United Kingdom	United Kingdom	Homo sapiens		Guerendiain,D.		2016	2022-11-27	dsDNA
OP751555	GenBank	Human papillomavirus type 16	Alphapapillomavirus 9		Asymp_4	UNVERIFIED: Human papillomavirus type 16 isolate Asymp_4, complete sequence	7908	complete	United Kingdom	United Kingdom	Homo sapiens		Guerendiain,D.		2016	2022-11-27	dsDNA
OP751556	GenBank	Human papillomavirus type 16	Alphapapillomavirus 9		Asymp_5	UNVERIFIED: Human papillomavirus type 16 isolate Asymp_5, complete sequence	7907	complete	United Kingdom	United Kingdom	Homo sapiens		Guerendiain,D.		2016	2022-11-27	dsDNA
OP751557	GenBank	Human papillomavirus type 16	Alphapapillomavirus 9		Asymp_8	UNVERIFIED: Human papillomavirus type 16 isolate Asymp_8, complete sequence	7908	complete	United Kingdom	United Kingdom	Homo sapiens		Guerendiain,D.		2016	2022-11-27	dsDNA
OP751558	GenBank	Human papillomavirus type 16	Alphapapillomavirus 9		Asymp_9	UNVERIFIED: Human papillomavirus type 16 isolate Asymp_9, complete sequence	7908	complete	United Kingdom	United Kingdom	Homo sapiens		Guerendiain,D.		2016	2022-11-27	dsDNA
OP751559	GenBank	Human papillomavirus type 16	Alphapapillomavirus 9		Asymp_10	UNVERIFIED: Human papillomavirus type 16 isolate Asymp_10, complete sequence	7908	complete	United Kingdom	United Kingdom	Homo sapiens		Guerendiain,D.		2016	2022-11-27	dsDNA
OP751560	GenBank	Human papillomavirus type 16	Alphapapillomavirus 9		Asymp_11	UNVERIFIED: Human papillomavirus type 16 isolate Asymp_11, complete sequence	7908	complete	United Kingdom	United Kingdom	Homo sapiens		Guerendiain,D.		2016	2022-11-27	dsDNA
OP751561	GenBank	Human papillomavirus type 16	Alphapapillomavirus 9		Asymp_12	UNVERIFIED: Human papillomavirus type 16 isolate Asymp_12, complete sequence	7907	complete	United Kingdom	United Kingdom	Homo sapiens		Guerendiain,D.		2016	2022-11-27	dsDNA
OP751562	GenBank	Human papillomavirus type 16	Alphapapillomavirus 9		Asymp_14	UNVERIFIED: Human papillomavirus type 16 isolate Asymp_14, complete sequence	7908	complete	United Kingdom	United Kingdom	Homo sapiens		Guerendiain,D.		2016	2022-11-27	dsDNA
OP751563	GenBank	Human papillomavirus type 16	Alphapapillomavirus 9		Asymp_15	UNVERIFIED: Human papillomavirus type 16 isolate Asymp_15, complete sequence	7908	complete	United Kingdom	United Kingdom	Homo sapiens		Guerendiain,D.		2016	2022-11-27	dsDNA
OP751564	GenBank	Human papillomavirus type 16	Alphapapillomavirus 9		Asymp_16	UNVERIFIED: Human papillomavirus type 16 isolate Asymp_16, complete sequence	7907	complete	United Kingdom	United Kingdom	Homo sapiens		Guerendiain,D.		2016	2022-11-27	dsDNA
OP751565	GenBank	Human papillomavirus type 16	Alphapapillomavirus 9		Asymp_17	UNVERIFIED: Human papillomavirus type 16 isolate Asymp_17, complete sequence	7907	complete	United Kingdom	United Kingdom	Homo sapiens		Guerendiain,D.		2016	2022-11-27	dsDNA
OP751566	GenBank	Human papillomavirus type 16	Alphapapillomavirus 9		Asymp_18	UNVERIFIED: Human papillomavirus type 16 isolate Asymp_18, complete sequence	7908	complete	United Kingdom	United Kingdom	Homo sapiens		Guerendiain,D.		2016	2022-11-27	dsDNA
OP751567	GenBank	Human papillomavirus type 16	Alphapapillomavirus 9		Asymp_19	UNVERIFIED: Human papillomavirus type 16 isolate Asymp_19, complete sequence	7907	complete	United Kingdom	United Kingdom	Homo sapiens		Guerendiain,D.		2016	2022-11-27	dsDNA
OP751568	GenBank	Human papillomavirus type 16	Alphapapillomavirus 9		Asymp_20	UNVERIFIED: Human papillomavirus type 16 isolate Asymp_20, complete sequence	7907	complete	United Kingdom	United Kingdom	Homo sapiens		Guerendiain,D.		2016	2022-11-27	dsDNA
OP751569	GenBank	Human papillomavirus type 16	Alphapapillomavirus 9		Asymp_21	UNVERIFIED: Human papillomavirus type 16 isolate Asymp_21, complete sequence	7908	complete	United Kingdom	United Kingdom	Homo sapiens		Guerendiain,D.		2016	2022-11-27	dsDNA
OP751570	GenBank	Human papillomavirus type 16	Alphapapillomavirus 9		Asymp_74	UNVERIFIED: Human papillomavirus type 16 isolate Asymp_74, complete sequence	7907	complete	United Kingdom	United Kingdom	Homo sapiens		Guerendiain,D.		2016	2022-11-27	dsDNA
OP751571	GenBank	Human papillomavirus type 16	Alphapapillomavirus 9		Asymp_33	UNVERIFIED: Human papillomavirus type 16 isolate Asymp_33, complete sequence	7908	complete	United Kingdom	United Kingdom	Homo sapiens		Guerendiain,D.		2016	2022-11-27	dsDNA
OP751572	GenBank	Human papillomavirus type 16	Alphapapillomavirus 9		Asymp_34	UNVERIFIED: Human papillomavirus type 16 isolate Asymp_34, complete sequence	7907	complete	United Kingdom	United Kingdom	Homo sapiens		Guerendiain,D.		2016	2022-11-27	dsDNA
OP751573	GenBank	Human papillomavirus type 16	Alphapapillomavirus 9		Asymp_35	UNVERIFIED: Human papillomavirus type 16 isolate Asymp_35, complete sequence	7907	complete	United Kingdom	United Kingdom	Homo sapiens		Guerendiain,D.		2016	2022-11-27	dsDNA
OP751574	GenBank	Human papillomavirus type 16	Alphapapillomavirus 9		Asymp_36	UNVERIFIED: Human papillomavirus type 16 isolate Asymp_36, complete sequence	7908	complete	United Kingdom	United Kingdom	Homo sapiens		Guerendiain,D.		2016	2022-11-27	dsDNA
OP751575	GenBank	Human papillomavirus type 16	Alphapapillomavirus 9		Asymp_37	UNVERIFIED: Human papillomavirus type 16 isolate Asymp_37, complete sequence	7907	complete	United Kingdom	United Kingdom	Homo sapiens		Guerendiain,D.		2016	2022-11-27	dsDNA
OP751576	GenBank	Human papillomavirus type 16	Alphapapillomavirus 9		Asymp_38	UNVERIFIED: Human papillomavirus type 16 isolate Asymp_38, complete sequence	7907	complete	United Kingdom	United Kingdom	Homo sapiens		Guerendiain,D.		2016	2022-11-27	dsDNA
OP751577	GenBank	Human papillomavirus type 16	Alphapapillomavirus 9		Asymp_39	UNVERIFIED: Human papillomavirus type 16 isolate Asymp_39, complete sequence	7909	complete	United Kingdom	United Kingdom	Homo sapiens		Guerendiain,D.		2016	2022-11-27	dsDNA
OP751578	GenBank	Human papillomavirus type 16	Alphapapillomavirus 9		Asymp_40	UNVERIFIED: Human papillomavirus type 16 isolate Asymp_40, complete sequence	7908	complete	United Kingdom	United Kingdom	Homo sapiens		Guerendiain,D.		2016	2022-11-27	dsDNA
OP751579	GenBank	Human papillomavirus type 16	Alphapapillomavirus 9		Asymp_41	UNVERIFIED: Human papillomavirus type 16 isolate Asymp_41, complete sequence	7908	complete	United Kingdom	United Kingdom	Homo sapiens		Guerendiain,D.		2016	2022-11-27	dsDNA
OP751580	GenBank	Human papillomavirus type 16	Alphapapillomavirus 9		Asymp_42	UNVERIFIED: Human papillomavirus type 16 isolate Asymp_42, complete sequence	7907	complete	United Kingdom	United Kingdom	Homo sapiens		Guerendiain,D.		2016	2022-11-27	dsDNA
OP751581	GenBank	Human papillomavirus type 16	Alphapapillomavirus 9		Asymp_43	UNVERIFIED: Human papillomavirus type 16 isolate Asymp_43, complete sequence	7909	complete	United Kingdom	United Kingdom	Homo sapiens		Guerendiain,D.		2016	2022-11-27	dsDNA
OP751582	GenBank	Human papillomavirus type 16	Alphapapillomavirus 9		Asymp_44	UNVERIFIED: Human papillomavirus type 16 isolate Asymp_44, complete sequence	7907	complete	United Kingdom	United Kingdom	Homo sapiens		Guerendiain,D.		2016	2022-11-27	dsDNA
OP751583	GenBank	Human papillomavirus type 16	Alphapapillomavirus 9		Asymp_45	UNVERIFIED: Human papillomavirus type 16 isolate Asymp_45, complete sequence	7908	complete	United Kingdom	United Kingdom	Homo sapiens		Guerendiain,D.		2016	2022-11-27	dsDNA
OP751584	GenBank	Human papillomavirus type 16	Alphapapillomavirus 9		Asymp_46	UNVERIFIED: Human papillomavirus type 16 isolate Asymp_46, complete sequence	7908	complete	United Kingdom	United Kingdom	Homo sapiens		Guerendiain,D.		2016	2022-11-27	dsDNA
OP751585	GenBank	Human papillomavirus type 16	Alphapapillomavirus 9		Asymp_47	UNVERIFIED: Human papillomavirus type 16 isolate Asymp_47, complete sequence	7908	complete	United Kingdom	United Kingdom	Homo sapiens		Guerendiain,D.		2016	2022-11-27	dsDNA
OP751586	GenBank	Human papillomavirus type 16	Alphapapillomavirus 9		Asymp_48	UNVERIFIED: Human papillomavirus type 16 isolate Asymp_48, complete sequence	7907	complete	United Kingdom	United Kingdom	Homo sapiens		Guerendiain,D.		2016	2022-11-27	dsDNA
OP751587	GenBank	Human papillomavirus type 16	Alphapapillomavirus 9		Asymp_49	UNVERIFIED: Human papillomavirus type 16 isolate Asymp_49, complete sequence	7909	complete	United Kingdom	United Kingdom	Homo sapiens		Guerendiain,D.		2016	2022-11-27	dsDNA
OP751588	GenBank	Human papillomavirus type 16	Alphapapillomavirus 9		Asymp_50	UNVERIFIED: Human papillomavirus type 16 isolate Asymp_50, complete sequence	7907	complete	United Kingdom	United Kingdom	Homo sapiens		Guerendiain,D.		2016	2022-11-27	dsDNA
OP751589	GenBank	Human papillomavirus type 16	Alphapapillomavirus 9		Asymp_51	UNVERIFIED: Human papillomavirus type 16 isolate Asymp_51, complete sequence	7908	complete	United Kingdom	United Kingdom	Homo sapiens		Guerendiain,D.		2016	2022-11-27	dsDNA
OP751590	GenBank	Human papillomavirus type 16	Alphapapillomavirus 9		Asymp_52	UNVERIFIED: Human papillomavirus type 16 isolate Asymp_52, complete sequence	7908	complete	United Kingdom	United Kingdom	Homo sapiens		Guerendiain,D.		2016	2022-11-27	dsDNA
OP751591	GenBank	Human papillomavirus type 16	Alphapapillomavirus 9		Asymp_53	UNVERIFIED: Human papillomavirus type 16 isolate Asymp_53, complete sequence	7908	complete	United Kingdom	United Kingdom	Homo sapiens		Guerendiain,D.		2016	2022-11-27	dsDNA
OP751592	GenBank	Human papillomavirus type 16	Alphapapillomavirus 9		Asymp_54	UNVERIFIED: Human papillomavirus type 16 isolate Asymp_54, complete sequence	7908	complete	United Kingdom	United Kingdom	Homo sapiens		Guerendiain,D.		2016	2022-11-27	dsDNA
OP751593	GenBank	Human papillomavirus type 16	Alphapapillomavirus 9		Asymp_55	UNVERIFIED: Human papillomavirus type 16 isolate Asymp_55, complete sequence	7907	complete	United Kingdom	United Kingdom	Homo sapiens		Guerendiain,D.		2016	2022-11-27	dsDNA
OP751594	GenBank	Human papillomavirus type 16	Alphapapillomavirus 9		Asymp_56	UNVERIFIED: Human papillomavirus type 16 isolate Asymp_56, complete sequence	7908	complete	United Kingdom	United Kingdom	Homo sapiens		Guerendiain,D.		2016	2022-11-27	dsDNA
OP751595	GenBank	Human papillomavirus type 16	Alphapapillomavirus 9		Asymp_57	UNVERIFIED: Human papillomavirus type 16 isolate Asymp_57, complete sequence	7908	complete	United Kingdom	United Kingdom	Homo sapiens		Guerendiain,D.		2016	2022-11-27	dsDNA
OP751596	GenBank	Human papillomavirus type 16	Alphapapillomavirus 9		Asymp_58	UNVERIFIED: Human papillomavirus type 16 isolate Asymp_58, complete sequence	7909	complete	United Kingdom	United Kingdom	Homo sapiens		Guerendiain,D.		2016	2022-11-27	dsDNA
OP751597	GenBank	Human papillomavirus type 16	Alphapapillomavirus 9		Asymp_59	UNVERIFIED: Human papillomavirus type 16 isolate Asymp_59, complete sequence	7909	complete	United Kingdom	United Kingdom	Homo sapiens		Guerendiain,D.		2016	2022-11-27	dsDNA
OP751598	GenBank	Human papillomavirus type 16	Alphapapillomavirus 9		Asymp_60	UNVERIFIED: Human papillomavirus type 16 isolate Asymp_60, complete sequence	7907	complete	United Kingdom	United Kingdom	Homo sapiens		Guerendiain,D.		2016	2022-11-27	dsDNA
OP751599	GenBank	Human papillomavirus type 16	Alphapapillomavirus 9		Asymp_61	UNVERIFIED: Human papillomavirus type 16 isolate Asymp_61, complete sequence	7907	complete	United Kingdom	United Kingdom	Homo sapiens		Guerendiain,D.		2016	2022-11-27	dsDNA
OP751600	GenBank	Human papillomavirus type 16	Alphapapillomavirus 9		Asymp_62	UNVERIFIED: Human papillomavirus type 16 isolate Asymp_62, complete sequence	7908	complete	United Kingdom	United Kingdom	Homo sapiens		Guerendiain,D.		2016	2022-11-27	dsDNA
OP751601	GenBank	Human papillomavirus type 16	Alphapapillomavirus 9		Asymp_63	UNVERIFIED: Human papillomavirus type 16 isolate Asymp_63, complete sequence	7908	complete	United Kingdom	United Kingdom	Homo sapiens		Guerendiain,D.		2016	2022-11-27	dsDNA
OP751602	GenBank	Human papillomavirus type 16	Alphapapillomavirus 9		Asymp_64	UNVERIFIED: Human papillomavirus type 16 isolate Asymp_64, complete sequence	7908	complete	United Kingdom	United Kingdom	Homo sapiens		Guerendiain,D.		2016	2022-11-27	dsDNA
OP751603	GenBank	Human papillomavirus type 16	Alphapapillomavirus 9		Asymp_65	UNVERIFIED: Human papillomavirus type 16 isolate Asymp_65, complete sequence	7907	complete	United Kingdom	United Kingdom	Homo sapiens		Guerendiain,D.		2016	2022-11-27	dsDNA
OP751604	GenBank	Human papillomavirus type 16	Alphapapillomavirus 9		Asymp_66	UNVERIFIED: Human papillomavirus type 16 isolate Asymp_66, complete sequence	7908	complete	United Kingdom	United Kingdom	Homo sapiens		Guerendiain,D.		2016	2022-11-27	dsDNA
OP751605	GenBank	Human papillomavirus type 16	Alphapapillomavirus 9		Asymp_67	UNVERIFIED: Human papillomavirus type 16 isolate Asymp_67, complete sequence	7907	complete	United Kingdom	United Kingdom	Homo sapiens		Guerendiain,D.		2016	2022-11-27	dsDNA
OP751606	GenBank	Human papillomavirus type 16	Alphapapillomavirus 9		Asymp_68	UNVERIFIED: Human papillomavirus type 16 isolate Asymp_68, complete sequence	7908	complete	United Kingdom	United Kingdom	Homo sapiens		Guerendiain,D.		2016	2022-11-27	dsDNA
OP751607	GenBank	Human papillomavirus type 16	Alphapapillomavirus 9		Asymp_69	UNVERIFIED: Human papillomavirus type 16 isolate Asymp_69, complete sequence	7908	complete	United Kingdom	United Kingdom	Homo sapiens		Guerendiain,D.		2016	2022-11-27	dsDNA
OP751608	GenBank	Human papillomavirus type 16	Alphapapillomavirus 9		Asymp_70	UNVERIFIED: Human papillomavirus type 16 isolate Asymp_70, complete sequence	7908	complete	United Kingdom	United Kingdom	Homo sapiens		Guerendiain,D.		2016	2022-11-27	dsDNA
OP751609	GenBank	Human papillomavirus type 16	Alphapapillomavirus 9		Asymp_71	UNVERIFIED: Human papillomavirus type 16 isolate Asymp_71, complete sequence	7907	complete	United Kingdom	United Kingdom	Homo sapiens		Guerendiain,D.		2016	2022-11-27	dsDNA
OP751610	GenBank	Human papillomavirus type 16	Alphapapillomavirus 9		Asymp_72	UNVERIFIED: Human papillomavirus type 16 isolate Asymp_72, complete sequence	7908	complete	United Kingdom	United Kingdom	Homo sapiens		Guerendiain,D.		2016	2022-11-27	dsDNA
OP751611	GenBank	Human papillomavirus type 16	Alphapapillomavirus 9		Asymp_79	UNVERIFIED: Human papillomavirus type 16 isolate Asymp_79, complete sequence	7907	complete	United Kingdom	United Kingdom	Homo sapiens		Guerendiain,D.		2016	2022-11-27	dsDNA
OP751612	GenBank	Human papillomavirus type 16	Alphapapillomavirus 9		Asymp_80	UNVERIFIED: Human papillomavirus type 16 isolate Asymp_80, complete sequence	7907	complete	United Kingdom	United Kingdom	Homo sapiens		Guerendiain,D.		2016	2022-11-27	dsDNA
OP751613	GenBank	Human papillomavirus type 16	Alphapapillomavirus 9		Asymp_81	UNVERIFIED: Human papillomavirus type 16 isolate Asymp_81, complete sequence	7907	complete	United Kingdom	United Kingdom	Homo sapiens		Guerendiain,D.		2016	2022-11-27	dsDNA
OP751614	GenBank	Human papillomavirus type 16	Alphapapillomavirus 9		Asymp_82	UNVERIFIED: Human papillomavirus type 16 isolate Asymp_82, complete sequence	7907	complete	United Kingdom	United Kingdom	Homo sapiens		Guerendiain,D.		2016	2022-11-27	dsDNA
OP751615	GenBank	Human papillomavirus type 16	Alphapapillomavirus 9		Asymp_83	UNVERIFIED: Human papillomavirus type 16 isolate Asymp_83, complete sequence	7892	complete	United Kingdom	United Kingdom	Homo sapiens		Guerendiain,D.		2016	2022-11-27	dsDNA
OP751616	GenBank	Human papillomavirus type 16	Alphapapillomavirus 9		Asymp_84	UNVERIFIED: Human papillomavirus type 16 isolate Asymp_84, complete sequence	7907	complete	United Kingdom	United Kingdom	Homo sapiens		Guerendiain,D.		2016	2022-11-27	dsDNA
OP751617	GenBank	Human papillomavirus type 16	Alphapapillomavirus 9		Asymp_85	UNVERIFIED: Human papillomavirus type 16 isolate Asymp_85, complete sequence	7908	complete	United Kingdom	United Kingdom	Homo sapiens		Guerendiain,D.		2016	2022-11-27	dsDNA
OP751618	GenBank	Human papillomavirus type 16	Alphapapillomavirus 9		Asymp_131	UNVERIFIED: Human papillomavirus type 16 isolate Asymp_131, complete sequence	7908	complete	United Kingdom	United Kingdom	Homo sapiens		Guerendiain,D.		2016	2022-11-27	dsDNA
OP751619	GenBank	Human papillomavirus type 16	Alphapapillomavirus 9		Asymp_88	UNVERIFIED: Human papillomavirus type 16 isolate Asymp_88, complete sequence	7908	complete	United Kingdom	United Kingdom	Homo sapiens		Guerendiain,D.		2016	2022-11-27	dsDNA
OP751620	GenBank	Human papillomavirus type 16	Alphapapillomavirus 9		Asymp_92	UNVERIFIED: Human papillomavirus type 16 isolate Asymp_92, complete sequence	7908	complete	United Kingdom	United Kingdom	Homo sapiens		Guerendiain,D.		2016	2022-11-27	dsDNA
OP751621	GenBank	Human papillomavirus type 16	Alphapapillomavirus 9		Asymp_98	UNVERIFIED: Human papillomavirus type 16 isolate Asymp_98, complete sequence	7906	complete	United Kingdom	United Kingdom	Homo sapiens		Guerendiain,D.		2016	2022-11-27	dsDNA
OP751622	GenBank	Human papillomavirus type 16	Alphapapillomavirus 9		Asymp_101	UNVERIFIED: Human papillomavirus type 16 isolate Asymp_101, complete sequence	7908	complete	United Kingdom	United Kingdom	Homo sapiens		Guerendiain,D.		2016	2022-11-27	dsDNA
OP751623	GenBank	Human papillomavirus type 16	Alphapapillomavirus 9		Asymp_107	UNVERIFIED: Human papillomavirus type 16 isolate Asymp_107, complete sequence	7908	complete	United Kingdom	United Kingdom	Homo sapiens		Guerendiain,D.		2016	2022-11-27	dsDNA
OP751624	GenBank	Human papillomavirus type 16	Alphapapillomavirus 9		Asymp_110	UNVERIFIED: Human papillomavirus type 16 isolate Asymp_110, complete sequence	7908	complete	United Kingdom	United Kingdom	Homo sapiens		Guerendiain,D.		2016	2022-11-27	dsDNA
OP751625	GenBank	Human papillomavirus type 16	Alphapapillomavirus 9		Asymp_112	UNVERIFIED: Human papillomavirus type 16 isolate Asymp_112, complete sequence	7908	complete	United Kingdom	United Kingdom	Homo sapiens		Guerendiain,D.		2016	2022-11-27	dsDNA
OP751626	GenBank	Human papillomavirus type 16	Alphapapillomavirus 9		Asymp_113	UNVERIFIED: Human papillomavirus type 16 isolate Asymp_113, complete sequence	7908	complete	United Kingdom	United Kingdom	Homo sapiens		Guerendiain,D.		2016	2022-11-27	dsDNA
OP751627	GenBank	Human papillomavirus type 16	Alphapapillomavirus 9		Asymp_115	UNVERIFIED: Human papillomavirus type 16 isolate Asymp_115, complete sequence	7908	complete	United Kingdom	United Kingdom	Homo sapiens		Guerendiain,D.		2016	2022-11-27	dsDNA
OP751628	GenBank	Human papillomavirus type 16	Alphapapillomavirus 9		Asymp_118	UNVERIFIED: Human papillomavirus type 16 isolate Asymp_118, complete sequence	7908	complete	United Kingdom	United Kingdom	Homo sapiens		Guerendiain,D.		2016	2022-11-27	dsDNA
OP751629	GenBank	Human papillomavirus type 16	Alphapapillomavirus 9		Asymp_122	UNVERIFIED: Human papillomavirus type 16 isolate Asymp_122, complete sequence	7908	complete	United Kingdom	United Kingdom	Homo sapiens		Guerendiain,D.		2016	2022-11-27	dsDNA
OP751630	GenBank	Human papillomavirus type 16	Alphapapillomavirus 9		Asymp_126	UNVERIFIED: Human papillomavirus type 16 isolate Asymp_126, complete sequence	7908	complete	United Kingdom	United Kingdom	Homo sapiens		Guerendiain,D.		2016	2022-11-27	dsDNA
OP751631	GenBank	Human papillomavirus type 16	Alphapapillomavirus 9		Asymp_127	UNVERIFIED: Human papillomavirus type 16 isolate Asymp_127, complete sequence	7907	complete	United Kingdom	United Kingdom	Homo sapiens		Guerendiain,D.		2016	2022-11-27	dsDNA
OP751632	GenBank	Human papillomavirus type 16	Alphapapillomavirus 9		Asymp_128	UNVERIFIED: Human papillomavirus type 16 isolate Asymp_128, complete sequence	7908	complete	United Kingdom	United Kingdom	Homo sapiens		Guerendiain,D.		2016	2022-11-27	dsDNA
OP751633	GenBank	Human papillomavirus type 16	Alphapapillomavirus 9		Asymp_129	UNVERIFIED: Human papillomavirus type 16 isolate Asymp_129, complete sequence	7906	complete	United Kingdom	United Kingdom	Homo sapiens		Guerendiain,D.		2016	2022-11-27	dsDNA
OP751634	GenBank	Human papillomavirus type 16	Alphapapillomavirus 9		Asymp_130	UNVERIFIED: Human papillomavirus type 16 isolate Asymp_130, complete sequence	7908	complete	United Kingdom	United Kingdom	Homo sapiens		Guerendiain,D.		2016	2022-11-27	dsDNA
OP751635	GenBank	Human papillomavirus type 16	Alphapapillomavirus 9		Asymp_6	UNVERIFIED: Human papillomavirus type 16 isolate Asymp_6, complete sequence	7908	complete	United Kingdom	United Kingdom	Homo sapiens		Guerendiain,D.		2016	2022-11-27	dsDNA
OP751636	GenBank	Human papillomavirus type 16	Alphapapillomavirus 9		Asymp_7	UNVERIFIED: Human papillomavirus type 16 isolate Asymp_7, complete sequence	7907	complete	United Kingdom	United Kingdom	Homo sapiens		Guerendiain,D.		2016	2022-11-27	dsDNA
OP751637	GenBank	Human papillomavirus type 16	Alphapapillomavirus 9		Asymp_13	UNVERIFIED: Human papillomavirus type 16 isolate Asymp_13, complete sequence	7908	complete	United Kingdom	United Kingdom	Homo sapiens		Guerendiain,D.		2016	2022-11-27	dsDNA
OP751638	GenBank	Human papillomavirus type 16	Alphapapillomavirus 9		Asymp_22	UNVERIFIED: Human papillomavirus type 16 isolate Asymp_22, complete sequence	7907	complete	United Kingdom	United Kingdom	Homo sapiens		Guerendiain,D.		2016	2022-11-27	dsDNA
OP751639	GenBank	Human papillomavirus type 16	Alphapapillomavirus 9		Asymp_23	UNVERIFIED: Human papillomavirus type 16 isolate Asymp_23, complete sequence	7907	complete	United Kingdom	United Kingdom	Homo sapiens		Guerendiain,D.		2016	2022-11-27	dsDNA
OP751640	GenBank	Human papillomavirus type 16	Alphapapillomavirus 9		Asymp_24	UNVERIFIED: Human papillomavirus type 16 isolate Asymp_24, complete sequence	7907	complete	United Kingdom	United Kingdom	Homo sapiens		Guerendiain,D.		2016	2022-11-27	dsDNA
OP751641	GenBank	Human papillomavirus type 16	Alphapapillomavirus 9		Asymp_26	UNVERIFIED: Human papillomavirus type 16 isolate Asymp_26, complete sequence	7907	complete	United Kingdom	United Kingdom	Homo sapiens		Guerendiain,D.		2016	2022-11-27	dsDNA
OP751642	GenBank	Human papillomavirus type 16	Alphapapillomavirus 9		Asymp_27	UNVERIFIED: Human papillomavirus type 16 isolate Asymp_27, complete sequence	7907	complete	United Kingdom	United Kingdom	Homo sapiens		Guerendiain,D.		2016	2022-11-27	dsDNA
OP751643	GenBank	Human papillomavirus type 16	Alphapapillomavirus 9		Asymp_28	UNVERIFIED: Human papillomavirus type 16 isolate Asymp_28, complete sequence	7907	complete	United Kingdom	United Kingdom	Homo sapiens		Guerendiain,D.		2016	2022-11-27	dsDNA
OP751644	GenBank	Human papillomavirus type 16	Alphapapillomavirus 9		Asymp_29	UNVERIFIED: Human papillomavirus type 16 isolate Asymp_29, complete sequence	7907	complete	United Kingdom	United Kingdom	Homo sapiens		Guerendiain,D.		2016	2022-11-27	dsDNA
OP751645	GenBank	Human papillomavirus type 16	Alphapapillomavirus 9		Asymp_30	UNVERIFIED: Human papillomavirus type 16 isolate Asymp_30, complete sequence	7907	complete	United Kingdom	United Kingdom	Homo sapiens		Guerendiain,D.		2016	2022-11-27	dsDNA
OP751646	GenBank	Human papillomavirus type 16	Alphapapillomavirus 9		Asymp_31	UNVERIFIED: Human papillomavirus type 16 isolate Asymp_31, complete sequence	7908	complete	United Kingdom	United Kingdom	Homo sapiens		Guerendiain,D.		2016	2022-11-27	dsDNA
OP751647	GenBank	Human papillomavirus type 16	Alphapapillomavirus 9		Asymp_32	UNVERIFIED: Human papillomavirus type 16 isolate Asymp_32, complete sequence	7908	complete	United Kingdom	United Kingdom	Homo sapiens		Guerendiain,D.		2016	2022-11-27	dsDNA
OP751648	GenBank	Human papillomavirus type 16	Alphapapillomavirus 9		Asymp_73	UNVERIFIED: Human papillomavirus type 16 isolate Asymp_73, complete sequence	7908	complete	United Kingdom	United Kingdom	Homo sapiens		Guerendiain,D.		2016	2022-11-27	dsDNA
OP751649	GenBank	Human papillomavirus type 16	Alphapapillomavirus 9		Asymp_75	UNVERIFIED: Human papillomavirus type 16 isolate Asymp_75, complete sequence	7907	complete	United Kingdom	United Kingdom	Homo sapiens		Guerendiain,D.		2016	2022-11-27	dsDNA
OP751650	GenBank	Human papillomavirus type 16	Alphapapillomavirus 9		Asymp_76	UNVERIFIED: Human papillomavirus type 16 isolate Asymp_76, complete sequence	7908	complete	United Kingdom	United Kingdom	Homo sapiens		Guerendiain,D.		2016	2022-11-27	dsDNA
OP751651	GenBank	Human papillomavirus type 16	Alphapapillomavirus 9		Asymp_77	UNVERIFIED: Human papillomavirus type 16 isolate Asymp_77, complete sequence	7908	complete	United Kingdom	United Kingdom	Homo sapiens		Guerendiain,D.		2016	2022-11-27	dsDNA
OP751652	GenBank	Human papillomavirus type 16	Alphapapillomavirus 9		Asymp_78	UNVERIFIED: Human papillomavirus type 16 isolate Asymp_78, complete sequence	7908	complete	United Kingdom	United Kingdom	Homo sapiens		Guerendiain,D.		2016	2022-11-27	dsDNA
OP751653	GenBank	Human papillomavirus type 16	Alphapapillomavirus 9		Asymp_86	UNVERIFIED: Human papillomavirus type 16 isolate Asymp_86, complete sequence	7907	complete	United Kingdom	United Kingdom	Homo sapiens		Guerendiain,D.		2016	2022-11-27	dsDNA
OP751654	GenBank	Human papillomavirus type 16	Alphapapillomavirus 9		Asymp_87	UNVERIFIED: Human papillomavirus type 16 isolate Asymp_87, complete sequence	7908	complete	United Kingdom	United Kingdom	Homo sapiens		Guerendiain,D.		2016	2022-11-27	dsDNA
OP751655	GenBank	Human papillomavirus type 16	Alphapapillomavirus 9		Asymp_89	UNVERIFIED: Human papillomavirus type 16 isolate Asymp_89, complete sequence	7907	complete	United Kingdom	United Kingdom	Homo sapiens		Guerendiain,D.		2016	2022-11-27	dsDNA
OP751656	GenBank	Human papillomavirus type 16	Alphapapillomavirus 9		Asymp_90	UNVERIFIED: Human papillomavirus type 16 isolate Asymp_90, complete sequence	7908	complete	United Kingdom	United Kingdom	Homo sapiens		Guerendiain,D.		2016	2022-11-27	dsDNA
OP751657	GenBank	Human papillomavirus type 16	Alphapapillomavirus 9		Asymp_91	UNVERIFIED: Human papillomavirus type 16 isolate Asymp_91, complete sequence	7907	complete	United Kingdom	United Kingdom	Homo sapiens		Guerendiain,D.		2016	2022-11-27	dsDNA
OP751658	GenBank	Human papillomavirus type 16	Alphapapillomavirus 9		Asymp_93	UNVERIFIED: Human papillomavirus type 16 isolate Asymp_93, complete sequence	7907	complete	United Kingdom	United Kingdom	Homo sapiens		Guerendiain,D.		2016	2022-11-27	dsDNA
OP751659	GenBank	Human papillomavirus type 16	Alphapapillomavirus 9		Asymp_94	UNVERIFIED: Human papillomavirus type 16 isolate Asymp_94, complete sequence	7908	complete	United Kingdom	United Kingdom	Homo sapiens		Guerendiain,D.		2016	2022-11-27	dsDNA
OP751660	GenBank	Human papillomavirus type 16	Alphapapillomavirus 9		Asymp_95	UNVERIFIED: Human papillomavirus type 16 isolate Asymp_95, complete sequence	7908	complete	United Kingdom	United Kingdom	Homo sapiens		Guerendiain,D.		2016	2022-11-27	dsDNA
OP751661	GenBank	Human papillomavirus type 16	Alphapapillomavirus 9		Asymp_96	UNVERIFIED: Human papillomavirus type 16 isolate Asymp_96, complete sequence	7907	complete	United Kingdom	United Kingdom	Homo sapiens		Guerendiain,D.		2016	2022-11-27	dsDNA
OP751662	GenBank	Human papillomavirus type 16	Alphapapillomavirus 9		Asymp_97	UNVERIFIED: Human papillomavirus type 16 isolate Asymp_97, complete sequence	7908	complete	United Kingdom	United Kingdom	Homo sapiens		Guerendiain,D.		2016	2022-11-27	dsDNA
OP751663	GenBank	Human papillomavirus type 16	Alphapapillomavirus 9		Asymp_99	UNVERIFIED: Human papillomavirus type 16 isolate Asymp_99, complete sequence	7908	complete	United Kingdom	United Kingdom	Homo sapiens		Guerendiain,D.		2016	2022-11-27	dsDNA
OP751664	GenBank	Human papillomavirus type 16	Alphapapillomavirus 9		Asymp_100	UNVERIFIED: Human papillomavirus type 16 isolate Asymp_100, complete sequence	7908	complete	United Kingdom	United Kingdom	Homo sapiens		Guerendiain,D.		2016	2022-11-27	dsDNA
OP751665	GenBank	Human papillomavirus type 16	Alphapapillomavirus 9		Asymp_102	UNVERIFIED: Human papillomavirus type 16 isolate Asymp_102, complete sequence	7908	complete	United Kingdom	United Kingdom	Homo sapiens		Guerendiain,D.		2016	2022-11-27	dsDNA
OP751666	GenBank	Human papillomavirus type 16	Alphapapillomavirus 9		Asymp_103	UNVERIFIED: Human papillomavirus type 16 isolate Asymp_103, complete sequence	7908	complete	United Kingdom	United Kingdom	Homo sapiens		Guerendiain,D.		2016	2022-11-27	dsDNA
OP751667	GenBank	Human papillomavirus type 16	Alphapapillomavirus 9		Asymp_104	UNVERIFIED: Human papillomavirus type 16 isolate Asymp_104, complete sequence	7907	complete	United Kingdom	United Kingdom	Homo sapiens		Guerendiain,D.		2016	2022-11-27	dsDNA
OP751668	GenBank	Human papillomavirus type 16	Alphapapillomavirus 9		Asymp_105	UNVERIFIED: Human papillomavirus type 16 isolate Asymp_105, complete sequence	7908	complete	United Kingdom	United Kingdom	Homo sapiens		Guerendiain,D.		2016	2022-11-27	dsDNA
OP751669	GenBank	Human papillomavirus type 16	Alphapapillomavirus 9		Asymp_106	UNVERIFIED: Human papillomavirus type 16 isolate Asymp_106, complete sequence	7908	complete	United Kingdom	United Kingdom	Homo sapiens		Guerendiain,D.		2016	2022-11-27	dsDNA
OP751670	GenBank	Human papillomavirus type 16	Alphapapillomavirus 9		Asymp_108	UNVERIFIED: Human papillomavirus type 16 isolate Asymp_108, complete sequence	7908	complete	United Kingdom	United Kingdom	Homo sapiens		Guerendiain,D.		2016	2022-11-27	dsDNA
OP751671	GenBank	Human papillomavirus type 16	Alphapapillomavirus 9		Asymp_109	UNVERIFIED: Human papillomavirus type 16 isolate Asymp_109, complete sequence	7906	complete	United Kingdom	United Kingdom	Homo sapiens		Guerendiain,D.		2016	2022-11-27	dsDNA
OP751672	GenBank	Human papillomavirus type 16	Alphapapillomavirus 9		Asymp_111	UNVERIFIED: Human papillomavirus type 16 isolate Asymp_111, complete sequence	7909	complete	United Kingdom	United Kingdom	Homo sapiens		Guerendiain,D.		2016	2022-11-27	dsDNA
OP751673	GenBank	Human papillomavirus type 16	Alphapapillomavirus 9		Asymp_114	UNVERIFIED: Human papillomavirus type 16 isolate Asymp_114, complete sequence	7908	complete	United Kingdom	United Kingdom	Homo sapiens		Guerendiain,D.		2016	2022-11-27	dsDNA
OP751674	GenBank	Human papillomavirus type 16	Alphapapillomavirus 9		Asymp_132	UNVERIFIED: Human papillomavirus type 16 isolate Asymp_132, complete sequence	7908	complete	United Kingdom	United Kingdom	Homo sapiens		Guerendiain,D.		2016	2022-11-27	dsDNA
OP751675	GenBank	Human papillomavirus type 16	Alphapapillomavirus 9		Asymp_116	UNVERIFIED: Human papillomavirus type 16 isolate Asymp_116, complete sequence	7907	complete	United Kingdom	United Kingdom	Homo sapiens		Guerendiain,D.		2016	2022-11-27	dsDNA
OP751676	GenBank	Human papillomavirus type 16	Alphapapillomavirus 9		Asymp_117	UNVERIFIED: Human papillomavirus type 16 isolate Asymp_117, complete sequence	7908	complete	United Kingdom	United Kingdom	Homo sapiens		Guerendiain,D.		2016	2022-11-27	dsDNA
OP751677	GenBank	Human papillomavirus type 16	Alphapapillomavirus 9		Asymp_119	UNVERIFIED: Human papillomavirus type 16 isolate Asymp_119, complete sequence	7908	complete	United Kingdom	United Kingdom	Homo sapiens		Guerendiain,D.		2016	2022-11-27	dsDNA
OP751678	GenBank	Human papillomavirus type 16	Alphapapillomavirus 9		Asymp_120	UNVERIFIED: Human papillomavirus type 16 isolate Asymp_120, complete sequence	7907	complete	United Kingdom	United Kingdom	Homo sapiens		Guerendiain,D.		2016	2022-11-27	dsDNA
OP751679	GenBank	Human papillomavirus type 16	Alphapapillomavirus 9		Asymp_121	UNVERIFIED: Human papillomavirus type 16 isolate Asymp_121, complete sequence	7906	complete	United Kingdom	United Kingdom	Homo sapiens		Guerendiain,D.		2016	2022-11-27	dsDNA
OP751680	GenBank	Human papillomavirus type 16	Alphapapillomavirus 9		Asymp_123	UNVERIFIED: Human papillomavirus type 16 isolate Asymp_123, complete sequence	7908	complete	United Kingdom	United Kingdom	Homo sapiens		Guerendiain,D.		2016	2022-11-27	dsDNA
OP751681	GenBank	Human papillomavirus type 16	Alphapapillomavirus 9		Asymp_124	UNVERIFIED: Human papillomavirus type 16 isolate Asymp_124, complete sequence	7908	complete	United Kingdom	United Kingdom	Homo sapiens		Guerendiain,D.		2016	2022-11-27	dsDNA
OP751682	GenBank	Human papillomavirus type 16	Alphapapillomavirus 9		Asymp_133	UNVERIFIED: Human papillomavirus type 16 isolate Asymp_133, complete sequence	7907	complete	United Kingdom	United Kingdom	Homo sapiens		Guerendiain,D.		2016	2022-11-27	dsDNA
OP751683	GenBank	Human papillomavirus type 16	Alphapapillomavirus 9		Asymp_125	UNVERIFIED: Human papillomavirus type 16 isolate Asymp_125, complete sequence	7907	complete	United Kingdom	United Kingdom	Homo sapiens		Guerendiain,D.		2016	2022-11-27	dsDNA
OP751684	GenBank	Human papillomavirus type 16	Alphapapillomavirus 9		Asymp_134	UNVERIFIED: Human papillomavirus type 16 isolate Asymp_134, complete sequence	7908	complete	United Kingdom	United Kingdom	Homo sapiens		Guerendiain,D.		2016	2022-11-27	dsDNA
LC718895	GenBank	Human papillomavirus 16	Alphapapillomavirus 9		K3131	Human papillomavirus type 16 K3131 DNA, complete genome	7905	complete	Japan	Japan	Homo sapiens		Kukimoto,I., Iwata,T., Matsumoto,K.		2021	2022-07-15	dsDNA
LC718896	GenBank	Human papillomavirus 16	Alphapapillomavirus 9		K3163	Human papillomavirus type 16 K3163 DNA, complete genome	7174	complete	Japan	Japan	Homo sapiens		Kukimoto,I., Iwata,T., Matsumoto,K.		2021	2022-07-15	dsDNA
LC718897	GenBank	Human papillomavirus 16	Alphapapillomavirus 9		K5048	Human papillomavirus type 16 K5048 DNA, complete genome	7905	complete	Japan	Japan	Homo sapiens		Kukimoto,I., Iwata,T., Matsumoto,K.		2021	2022-07-15	dsDNA
LC718898	GenBank	Human papillomavirus 16	Alphapapillomavirus 9		K5060	Human papillomavirus type 16 K5060 DNA, complete genome	7909	complete	Japan	Japan	Homo sapiens		Kukimoto,I., Iwata,T., Matsumoto,K.		2021	2022-07-15	dsDNA
LC718899	GenBank	Human papillomavirus 16	Alphapapillomavirus 9		21-20-P-002	Human papillomavirus type 16 21-20-P-002 DNA, complete genome	7905	complete	Japan	Japan	Homo sapiens		Kukimoto,I., Iwata,T., Matsumoto,K.		2020	2022-07-15	dsDNA
LC718900	GenBank	Human papillomavirus 16	Alphapapillomavirus 9		21-21-P-001	Human papillomavirus type 16 21-21-P-001 DNA, complete genome	7905	complete	Japan	Japan	Homo sapiens		Kukimoto,I., Iwata,T., Matsumoto,K.		2021	2022-07-15	dsDNA
LC718901	GenBank	Human papillomavirus 16	Alphapapillomavirus 9		21-21-P-007	Human papillomavirus type 16 21-21-P-007 DNA, complete genome	7904	complete	Japan	Japan	Homo sapiens		Kukimoto,I., Iwata,T., Matsumoto,K.		2021	2022-07-15	dsDNA
LC718902	GenBank	Human papillomavirus 16	Alphapapillomavirus 9		21-21-P-008	Human papillomavirus type 16 21-21-P-008 DNA, complete genome	7905	complete	Japan	Japan	Homo sapiens		Kukimoto,I., Iwata,T., Matsumoto,K.		2021	2022-07-15	dsDNA
LC718903	GenBank	Human papillomavirus 16	Alphapapillomavirus 9		21-21-P-011	Human papillomavirus type 16 21-21-P-011 DNA, complete genome	7904	complete	Japan	Japan	Homo sapiens		Kukimoto,I., Iwata,T., Matsumoto,K.		2021	2022-07-15	dsDNA
MZ447799	GenBank	Human papillomavirus 16	Alphapapillomavirus 9		C9	Human papillomavirus type 16 isolate C9, complete genome	7905	complete	Pakistan	Pakistan	Homo sapiens		Minhas,S., Kashif,M., Idrees,M., Ansari,F.			2022-03-19	dsDNA
MZ447800	GenBank	Human papillomavirus 16	Alphapapillomavirus 9		C50	Human papillomavirus type 16 isolate C50, complete genome	7909	complete	Pakistan	Pakistan	Homo sapiens		Minhas,S., Kashif,M., Idrees,M., Ansari,F.		2018-11	2022-03-19	dsDNA
MZ447801	GenBank	Human papillomavirus 16	Alphapapillomavirus 9		C122	Human papillomavirus type 16 isolate C122, complete genome	7155	complete	Pakistan	Pakistan	Homo sapiens	oronasopharynx	Minhas,S., Kashif,M., Idrees,M., Ansari,F.		2019-01	2022-03-19	dsDNA
LC647437	GenBank	Human papillomavirus type 16	Alphapapillomavirus 9		K3039	Human papillomavirus type 16 K3039 DNA, complete genome	7906	complete	Japan	Japan	Homo sapiens		Tanaka,K., Iwata,T., Kukimoto,I.			2021-08-25	dsDNA
LC647438	GenBank	Human papillomavirus type 16	Alphapapillomavirus 9		K3054	Human papillomavirus type 16 K3054 DNA, complete genome	7906	complete	Japan	Japan	Homo sapiens		Tanaka,K., Iwata,T., Kukimoto,I.			2021-08-25	dsDNA
LC647439	GenBank	Human papillomavirus type 16	Alphapapillomavirus 9		K3099	Human papillomavirus type 16 K3099 DNA, complete genome	7906	complete	Japan	Japan	Homo sapiens		Tanaka,K., Iwata,T., Kukimoto,I.			2021-08-25	dsDNA
LC647440	GenBank	Human papillomavirus type 16	Alphapapillomavirus 9		K3107	Human papillomavirus type 16 K3107 DNA, complete genome	7884	complete	Japan	Japan	Homo sapiens		Tanaka,K., Iwata,T., Kukimoto,I.			2021-08-25	dsDNA
LC647441	GenBank	Human papillomavirus type 16	Alphapapillomavirus 9		K3110	Human papillomavirus type 16 K3110 DNA, complete genome	7973	complete	Japan	Japan	Homo sapiens		Tanaka,K., Iwata,T., Kukimoto,I.			2021-08-25	dsDNA
LC647442	GenBank	Human papillomavirus type 16	Alphapapillomavirus 9		K3079	Human papillomavirus type 16 K3079 DNA, complete genome	7905	complete	Japan	Japan	Homo sapiens		Tanaka,K., Iwata,T., Kukimoto,I.			2021-08-25	dsDNA
LC647443	GenBank	Human papillomavirus type 16	Alphapapillomavirus 9		K3037	Human papillomavirus type 16 K3037 DNA, complete genome	7905	complete	Japan	Japan	Homo sapiens		Tanaka,K., Iwata,T., Kukimoto,I.			2021-08-25	dsDNA
LC647444	GenBank	Human papillomavirus type 16	Alphapapillomavirus 9		K3047	Human papillomavirus type 16 K3047 DNA, complete genome	7861	complete	Japan	Japan	Homo sapiens		Tanaka,K., Iwata,T., Kukimoto,I.			2021-08-25	dsDNA
LC647445	GenBank	Human papillomavirus type 16	Alphapapillomavirus 9		K3049	Human papillomavirus type 16 K3049 DNA, complete genome	7905	complete	Japan	Japan	Homo sapiens		Tanaka,K., Iwata,T., Kukimoto,I.			2021-08-25	dsDNA
LC647446	GenBank	Human papillomavirus type 16	Alphapapillomavirus 9		K3055	Human papillomavirus type 16 K3055 DNA, complete genome	7905	complete	Japan	Japan	Homo sapiens		Tanaka,K., Iwata,T., Kukimoto,I.			2021-08-25	dsDNA
LC647447	GenBank	Human papillomavirus type 16	Alphapapillomavirus 9		K3106	Human papillomavirus type 16 K3106 DNA, complete genome	7904	complete	Japan	Japan	Homo sapiens		Tanaka,K., Iwata,T., Kukimoto,I.			2021-08-25	dsDNA
LC647448	GenBank	Human papillomavirus type 16	Alphapapillomavirus 9		K3124	Human papillomavirus type 16 K3124 DNA, complete genome	7905	complete	Japan	Japan	Homo sapiens		Tanaka,K., Iwata,T., Kukimoto,I.			2021-08-25	dsDNA
LC647449	GenBank	Human papillomavirus type 16	Alphapapillomavirus 9		K3031	Human papillomavirus type 16 K3031 DNA, complete genome	7905	complete	Japan	Japan	Homo sapiens		Tanaka,K., Iwata,T., Kukimoto,I.			2021-08-25	dsDNA
LC647450	GenBank	Human papillomavirus type 16	Alphapapillomavirus 9		K3046	Human papillomavirus type 16 K3046 DNA, complete genome	7905	complete	Japan	Japan	Homo sapiens		Tanaka,K., Iwata,T., Kukimoto,I.			2021-08-25	dsDNA
LC647451	GenBank	Human papillomavirus type 16	Alphapapillomavirus 9		K3066	Human papillomavirus type 16 K3066 DNA, complete genome	7905	complete	Japan	Japan	Homo sapiens		Tanaka,K., Iwata,T., Kukimoto,I.			2021-08-25	dsDNA
LC647452	GenBank	Human papillomavirus type 16	Alphapapillomavirus 9		K3108	Human papillomavirus type 16 K3108 DNA, complete genome	7905	complete	Japan	Japan	Homo sapiens		Tanaka,K., Iwata,T., Kukimoto,I.			2021-08-25	dsDNA
LC647453	GenBank	Human papillomavirus type 16	Alphapapillomavirus 9		K3119	Human papillomavirus type 16 K3119 DNA, complete genome	7905	complete	Japan	Japan	Homo sapiens		Tanaka,K., Iwata,T., Kukimoto,I.			2021-08-25	dsDNA
LC647454	GenBank	Human papillomavirus type 16	Alphapapillomavirus 9		K3128	Human papillomavirus type 16 K3128 DNA, complete genome	7905	complete	Japan	Japan	Homo sapiens		Tanaka,K., Iwata,T., Kukimoto,I.			2021-08-25	dsDNA
LC647455	GenBank	Human papillomavirus type 16	Alphapapillomavirus 9		K3080	Human papillomavirus type 16 K3080 DNA, complete genome	7905	complete	Japan	Japan	Homo sapiens		Tanaka,K., Iwata,T., Kukimoto,I.			2021-08-25	dsDNA
LC647456	GenBank	Human papillomavirus type 16	Alphapapillomavirus 9		K3081	Human papillomavirus type 16 K3081 DNA, complete genome	7905	complete	Japan	Japan	Homo sapiens		Tanaka,K., Iwata,T., Kukimoto,I.			2021-08-25	dsDNA
LC647457	GenBank	Human papillomavirus type 16	Alphapapillomavirus 9		K3114	Human papillomavirus type 16 K3114 DNA, complete genome	7903	complete	Japan	Japan	Homo sapiens		Tanaka,K., Iwata,T., Kukimoto,I.			2021-08-25	dsDNA
LC644164	GenBank	Human papillomavirus type 16	Alphapapillomavirus 9		SW0089	Human papillomavirus type 16 SW0089 DNA, complete genome	7882	complete	Japan	Japan	Homo sapiens		Tanaka,K., Iwata,T., Kukimoto,I.			2021-07-31	dsDNA
LC644165	GenBank	Human papillomavirus type 16	Alphapapillomavirus 9		SW0100	Human papillomavirus type 16 SW0100 DNA, complete genome	7906	complete	Japan	Japan	Homo sapiens		Tanaka,K., Iwata,T., Kukimoto,I.			2021-07-31	dsDNA
LC644166	GenBank	Human papillomavirus type 16	Alphapapillomavirus 9		TK0194	Human papillomavirus type 16 TK0194 DNA, complete genome	7907	complete	Japan	Japan	Homo sapiens		Tanaka,K., Iwata,T., Kukimoto,I.			2021-07-31	dsDNA
LC644167	GenBank	Human papillomavirus type 16	Alphapapillomavirus 9		22-19-P-005	Human papillomavirus type 16 22-19-P-005 DNA, complete genome	7906	complete	Japan	Japan	Homo sapiens		Tanaka,K., Iwata,T., Kukimoto,I.			2021-07-31	dsDNA
LC644168	GenBank	Human papillomavirus type 16	Alphapapillomavirus 9		22-19-P-010	Human papillomavirus type 16 22-19-P-010 DNA, complete genome	7885	complete	Japan	Japan	Homo sapiens		Tanaka,K., Iwata,T., Kukimoto,I.			2021-07-31	dsDNA
LC644169	GenBank	Human papillomavirus type 16	Alphapapillomavirus 9		22-19-P-031	Human papillomavirus type 16 22-19-P-031 DNA, complete genome	7906	complete	Japan	Japan	Homo sapiens		Tanaka,K., Iwata,T., Kukimoto,I.			2021-07-31	dsDNA
LC644170	GenBank	Human papillomavirus type 16	Alphapapillomavirus 9		SW0097	Human papillomavirus type 16 SW0097 DNA, complete genome	7905	complete	Japan	Japan	Homo sapiens		Tanaka,K., Iwata,T., Kukimoto,I.			2021-07-31	dsDNA
LC644171	GenBank	Human papillomavirus type 16	Alphapapillomavirus 9		SW0083	Human papillomavirus type 16 SW0083 DNA, complete genome	7906	complete	Japan	Japan	Homo sapiens		Tanaka,K., Iwata,T., Kukimoto,I.			2021-07-31	dsDNA
LC644172	GenBank	Human papillomavirus type 16	Alphapapillomavirus 9		SW0087	Human papillomavirus type 16 SW0087 DNA, complete genome	7906	complete	Japan	Japan	Homo sapiens		Tanaka,K., Iwata,T., Kukimoto,I.			2021-07-31	dsDNA
LC644173	GenBank	Human papillomavirus type 16	Alphapapillomavirus 9		SW0115	Human papillomavirus type 16 SW0115 DNA, complete genome	7905	complete	Japan	Japan	Homo sapiens		Tanaka,K., Iwata,T., Kukimoto,I.			2021-07-31	dsDNA
LC644174	GenBank	Human papillomavirus type 16	Alphapapillomavirus 9		TK0181	Human papillomavirus type 16 TK0181 DNA, complete genome	7905	complete	Japan	Japan	Homo sapiens		Tanaka,K., Iwata,T., Kukimoto,I.			2021-07-31	dsDNA
LC644175	GenBank	Human papillomavirus type 16	Alphapapillomavirus 9		TK0205	Human papillomavirus type 16 TK0205 DNA, complete genome	7905	complete	Japan	Japan	Homo sapiens		Tanaka,K., Iwata,T., Kukimoto,I.			2021-07-31	dsDNA
LC644176	GenBank	Human papillomavirus type 16	Alphapapillomavirus 9		22-19-P-001	Human papillomavirus type 16 22-19-P-001 DNA, complete genome	7905	complete	Japan	Japan	Homo sapiens		Tanaka,K., Iwata,T., Kukimoto,I.			2021-07-31	dsDNA
LC644177	GenBank	Human papillomavirus type 16	Alphapapillomavirus 9		22-19-P-003	Human papillomavirus type 16 22-19-P-003 DNA, complete genome	7905	complete	Japan	Japan	Homo sapiens		Tanaka,K., Iwata,T., Kukimoto,I.			2021-07-31	dsDNA
LC644178	GenBank	Human papillomavirus type 16	Alphapapillomavirus 9		22-19-P-008	Human papillomavirus type 16 22-19-P-008 DNA, complete genome	7905	complete	Japan	Japan	Homo sapiens		Tanaka,K., Iwata,T., Kukimoto,I.			2021-07-31	dsDNA
LC644179	GenBank	Human papillomavirus type 16	Alphapapillomavirus 9		22-20-P-001	Human papillomavirus type 16 22-20-P-001 DNA, complete genome	7905	complete	Japan	Japan	Homo sapiens		Tanaka,K., Iwata,T., Kukimoto,I.			2021-07-31	dsDNA
LC644180	GenBank	Human papillomavirus type 16	Alphapapillomavirus 9		22-20-P-032	Human papillomavirus type 16 22-20-P-032 DNA, complete genome	7906	complete	Japan	Japan	Homo sapiens		Tanaka,K., Iwata,T., Kukimoto,I.			2021-07-31	dsDNA
LC644181	GenBank	Human papillomavirus type 16	Alphapapillomavirus 9		22-20-P-048	Human papillomavirus type 16 22-20-P-048 DNA, complete genome	7913	complete	Japan	Japan	Homo sapiens		Tanaka,K., Iwata,T., Kukimoto,I.			2021-07-31	dsDNA
LC644182	GenBank	Human papillomavirus type 16	Alphapapillomavirus 9		TK0180	Human papillomavirus type 16 TK0180 DNA, complete genome	7904	complete	Japan	Japan	Homo sapiens		Tanaka,K., Iwata,T., Kukimoto,I.			2021-07-31	dsDNA
LC644183	GenBank	Human papillomavirus type 16	Alphapapillomavirus 9		K2818	Human papillomavirus type 16 K2818 DNA, complete genome	7906	complete	Japan	Japan	Homo sapiens		Tanaka,K., Iwata,T., Kukimoto,I.			2021-07-31	dsDNA
LC644184	GenBank	Human papillomavirus type 16	Alphapapillomavirus 9		K2907	Human papillomavirus type 16 K2907 DNA, complete genome	7906	complete	Japan	Japan	Homo sapiens		Tanaka,K., Iwata,T., Kukimoto,I.			2021-07-31	dsDNA
LC644185	GenBank	Human papillomavirus type 16	Alphapapillomavirus 9		K2911	Human papillomavirus type 16 K2911 DNA, complete genome	7904	complete	Japan	Japan	Homo sapiens		Tanaka,K., Iwata,T., Kukimoto,I.			2021-07-31	dsDNA
LC644186	GenBank	Human papillomavirus type 16	Alphapapillomavirus 9		K2928	Human papillomavirus type 16 K2928 DNA, complete genome	7906	complete	Japan	Japan	Homo sapiens		Tanaka,K., Iwata,T., Kukimoto,I.			2021-07-31	dsDNA
LC644187	GenBank	Human papillomavirus type 16	Alphapapillomavirus 9		K2821	Human papillomavirus type 16 K2821 DNA, complete genome	4728	complete	Japan	Japan	Homo sapiens		Tanaka,K., Iwata,T., Kukimoto,I.			2021-07-31	dsDNA
LC644188	GenBank	Human papillomavirus type 16	Alphapapillomavirus 9		22-20-P-030	Human papillomavirus type 16 22-20-P-030 DNA, complete genome	7905	complete	Japan	Japan	Homo sapiens		Tanaka,K., Iwata,T., Kukimoto,I.			2021-07-31	dsDNA
LC644189	GenBank	Human papillomavirus type 16	Alphapapillomavirus 9		SW0112	Human papillomavirus type 16 SW0112 DNA, complete genome	7911	complete	Japan	Japan	Homo sapiens		Tanaka,K., Iwata,T., Kukimoto,I.			2021-07-31	dsDNA
LC644190	GenBank	Human papillomavirus type 16	Alphapapillomavirus 9		22-20-P-005	Human papillomavirus type 16 22-20-P-005 DNA, complete genome	7907	complete	Japan	Japan	Homo sapiens		Tanaka,K., Iwata,T., Kukimoto,I.			2021-07-31	dsDNA
LC644191	GenBank	Human papillomavirus type 16	Alphapapillomavirus 9		K2289	Human papillomavirus type 16 K2289 DNA, complete genome	7906	complete	Japan	Japan	Homo sapiens		Tanaka,K., Iwata,T., Kukimoto,I.			2021-07-31	dsDNA
MW320358	GenBank	Human papillomavirus type 16	Alphapapillomavirus 9			Human papillomavirus type 16 strain Northeast, complete genome	7909	complete	China: Northeast	China	Homo sapiens		Liu,M., Wu,Y.Y., Sun,Z.R., Wu,S., Wang,S.		2017-06-15	2021-01-12	dsDNA
MN961210	GenBank	Human papillomavirus type 16	Alphapapillomavirus 9		InDRE 275	Human papillomavirus type 16 isolate InDRE 275, complete genome	7908	complete	Mexico	Mexico	Homo sapiens		Manuell-Barrios,R.T., Fragoso-Fonseca,D.E., Garces-Ayala,F., Ramirez-Gonzalez,J.E., Escobar-Escamilla,N., Araiza-Rodriguez,A., Salvador-Patino,A., Mendieta-Condado,E.R.			2020-11-18	dsDNA
MN961211	GenBank	Human papillomavirus type 16	Alphapapillomavirus 9		InDRE 307	Human papillomavirus type 16 isolate InDRE 307, complete genome	7905	complete	Mexico	Mexico	Homo sapiens		Manuell-Barrios,R.T., Fragoso-Fonseca,D.E., Garces-Ayala,F., Ramirez-Gonzalez,J.E., Escobar-Escamilla,N., Araiza-Rodriguez,A., Salvador-Patino,A., Mendieta-Condado,E.R.			2020-11-18	dsDNA
MN961212	GenBank	Human papillomavirus type 16	Alphapapillomavirus 9		InDRE 316	Human papillomavirus type 16 isolate InDRE 316, complete genome	7909	complete	Mexico	Mexico	Homo sapiens		Manuell-Barrios,R.T., Fragoso-Fonseca,D.E., Garces-Ayala,F., Ramirez-Gonzalez,J.E., Escobar-Escamilla,N., Araiza-Rodriguez,A., Salvador-Patino,A., Mendieta-Condado,E.R.			2020-11-18	dsDNA
MN961213	GenBank	Human papillomavirus type 16	Alphapapillomavirus 9		InDRE 320	Human papillomavirus type 16 isolate InDRE 320, complete genome	7908	complete	Mexico	Mexico	Homo sapiens		Manuell-Barrios,R.T., Fragoso-Fonseca,D.E., Garces-Ayala,F., Ramirez-Gonzalez,J.E., Escobar-Escamilla,N., Araiza-Rodriguez,A., Salvador-Patino,A., Mendieta-Condado,E.R.			2020-11-18	dsDNA
MN961214	GenBank	Human papillomavirus type 16	Alphapapillomavirus 9		InDRE 324	Human papillomavirus type 16 isolate InDRE 324, complete genome	7909	complete	Mexico	Mexico	Homo sapiens		Manuell-Barrios,R.T., Fragoso-Fonseca,D.E., Garces-Ayala,F., Ramirez-Gonzalez,J.E., Escobar-Escamilla,N., Araiza-Rodriguez,A., Salvador-Patino,A., Mendieta-Condado,E.R.			2020-11-18	dsDNA
MN961215	GenBank	Human papillomavirus type 16	Alphapapillomavirus 9		InDRE 331	Human papillomavirus type 16 isolate InDRE 331, complete genome	7906	complete	Mexico	Mexico	Homo sapiens		Manuell-Barrios,R.T., Fragoso-Fonseca,D.E., Garces-Ayala,F., Ramirez-Gonzalez,J.E., Escobar-Escamilla,N., Araiza-Rodriguez,A., Salvador-Patino,A., Mendieta-Condado,E.R.			2020-11-18	dsDNA
MN961216	GenBank	Human papillomavirus type 16	Alphapapillomavirus 9		InDRE 334	Human papillomavirus type 16 isolate InDRE 334, complete genome	7909	complete	Mexico	Mexico	Homo sapiens		Manuell-Barrios,R.T., Fragoso-Fonseca,D.E., Garces-Ayala,F., Ramirez-Gonzalez,J.E., Escobar-Escamilla,N., Araiza-Rodriguez,A., Salvador-Patino,A., Mendieta-Condado,E.R.			2020-11-18	dsDNA
MN961217	GenBank	Human papillomavirus type 16	Alphapapillomavirus 9		InDRE 335	Human papillomavirus type 16 isolate InDRE 335, complete genome	7909	complete	Mexico	Mexico	Homo sapiens		Manuell-Barrios,R.T., Fragoso-Fonseca,D.E., Garces-Ayala,F., Ramirez-Gonzalez,J.E., Escobar-Escamilla,N., Araiza-Rodriguez,A., Salvador-Patino,A., Mendieta-Condado,E.R.			2020-11-18	dsDNA
MT783409	GenBank	Human papillomavirus type 16	Alphapapillomavirus 9			Human papillomavirus type 16 strain kyd-n0116, complete genome	7908	complete	China	China	Homo sapiens		Zhang,W., Yang,S.		2016	2020-10-12	dsDNA
MT783410	GenBank	Human papillomavirus type 16	Alphapapillomavirus 9			Human papillomavirus type 16 strain kyd-s0216, complete genome	7906	complete	China	China	Homo sapiens		Zhang,W., Yang,S.		2016	2020-10-12	dsDNA
LR861897	GenBank	Human papillomavirus type 16	Alphapapillomavirus 9		LNS4390133_HPV16	Human papillomavirus type 16 isolate LNS4390133_HPV16, complete genome	7906	complete	Luxembourg	Luxembourg	Homo sapiens		Wienecke-Baldacchino K,A.			2020-09-01	dsDNA
LR861899	GenBank	Human papillomavirus type 16	Alphapapillomavirus 9		LNS4412578_HPV16	Human papillomavirus type 16 isolate LNS4412578_HPV16, complete genome	7907	complete	Luxembourg	Luxembourg	Homo sapiens		Wienecke-Baldacchino K,A.			2020-09-01	dsDNA
LC511105	GenBank	Human papillomavirus type 16	Alphapapillomavirus 9		SW061	Human papillomavirus type 16 SW061 genomic DNA, complete genome	7688	complete	Japan	Japan	Homo sapiens		Yamaguchi,M., Hirose,Y., Tenjimbayashi,Y., Onuki,M., Iwata,T., Matsumoto,K., Kukimoto,I.			2019-11-26	dsDNA
LC511106	GenBank	Human papillomavirus type 16	Alphapapillomavirus 9		SW063	Human papillomavirus type 16 SW063 genomic DNA, complete genome	7905	complete	Japan	Japan	Homo sapiens		Yamaguchi,M., Hirose,Y., Tenjimbayashi,Y., Onuki,M., Iwata,T., Matsumoto,K., Kukimoto,I.			2019-11-26	dsDNA
LC511107	GenBank	Human papillomavirus type 16	Alphapapillomavirus 9		SW064	Human papillomavirus type 16 SW064 genomic DNA, complete genome	7906	complete	Japan	Japan	Homo sapiens		Yamaguchi,M., Hirose,Y., Tenjimbayashi,Y., Onuki,M., Iwata,T., Matsumoto,K., Kukimoto,I.			2019-11-26	dsDNA
LC511108	GenBank	Human papillomavirus type 16	Alphapapillomavirus 9		SW069	Human papillomavirus type 16 SW069 genomic DNA, complete genome	7905	complete	Japan	Japan	Homo sapiens		Yamaguchi,M., Hirose,Y., Tenjimbayashi,Y., Onuki,M., Iwata,T., Matsumoto,K., Kukimoto,I.			2019-11-26	dsDNA
LC511109	GenBank	Human papillomavirus type 16	Alphapapillomavirus 9		SW070	Human papillomavirus type 16 SW070 genomic DNA, complete genome	7905	complete	Japan	Japan	Homo sapiens		Yamaguchi,M., Hirose,Y., Tenjimbayashi,Y., Onuki,M., Iwata,T., Matsumoto,K., Kukimoto,I.			2019-11-26	dsDNA
LC511110	GenBank	Human papillomavirus type 16	Alphapapillomavirus 9		TK171	Human papillomavirus type 16 TK171 genomic DNA, complete genome	7905	complete	Japan	Japan	Homo sapiens		Yamaguchi,M., Hirose,Y., Tenjimbayashi,Y., Onuki,M., Iwata,T., Matsumoto,K., Kukimoto,I.			2019-11-26	dsDNA
LC511111	GenBank	Human papillomavirus type 16	Alphapapillomavirus 9		TK174	Human papillomavirus type 16 TK174 genomic DNA, complete genome	7905	complete	Japan	Japan	Homo sapiens		Yamaguchi,M., Hirose,Y., Tenjimbayashi,Y., Onuki,M., Iwata,T., Matsumoto,K., Kukimoto,I.			2019-11-26	dsDNA
LC511112	GenBank	Human papillomavirus type 16	Alphapapillomavirus 9		TK179	Human papillomavirus type 16 TK179 genomic DNA, complete genome	7906	complete	Japan	Japan	Homo sapiens		Yamaguchi,M., Hirose,Y., Tenjimbayashi,Y., Onuki,M., Iwata,T., Matsumoto,K., Kukimoto,I.			2019-11-26	dsDNA
MK484705	GenBank	Human papillomavirus type 16	Alphapapillomavirus 9		xuca1916	Human papillomavirus type 16 isolate xuca1916, complete genome	7912	complete	China	China	Homo sapiens		Xu,H., Zhang,W.		2018	2019-08-26	dsDNA
LC456180	GenBank	Human papillomavirus type 16	Alphapapillomavirus 9		K0013	Human papillomavirus type 16 K0013 genomic DNA, complete genome	7904	complete	Japan	Japan	Homo sapiens		Kukimoto,I., Matsumoto,K., Hirose,Y., Tenjimbayashi,Y., Onuki,M., Iwata,T.			2019-03-14	dsDNA
LC456181	GenBank	Human papillomavirus type 16	Alphapapillomavirus 9		K0075	Human papillomavirus type 16 K0075 genomic DNA, complete genome	7905	complete	Japan	Japan	Homo sapiens		Kukimoto,I., Matsumoto,K., Hirose,Y., Tenjimbayashi,Y., Onuki,M., Iwata,T.			2019-03-14	dsDNA
LC456182	GenBank	Human papillomavirus type 16	Alphapapillomavirus 9		K0183	Human papillomavirus type 16 K0183 genomic DNA, complete genome	7906	complete	Japan	Japan	Homo sapiens		Kukimoto,I., Matsumoto,K., Hirose,Y., Tenjimbayashi,Y., Onuki,M., Iwata,T.			2019-03-14	dsDNA
LC456183	GenBank	Human papillomavirus type 16	Alphapapillomavirus 9		K0256	Human papillomavirus type 16 K0256 genomic DNA, complete genome	7905	complete	Japan	Japan	Homo sapiens		Kukimoto,I., Matsumoto,K., Hirose,Y., Tenjimbayashi,Y., Onuki,M., Iwata,T.			2019-03-14	dsDNA
LC456184	GenBank	Human papillomavirus type 16	Alphapapillomavirus 9		K0379	Human papillomavirus type 16 K0379 genomic DNA, complete genome	7906	complete	Japan	Japan	Homo sapiens		Kukimoto,I., Matsumoto,K., Hirose,Y., Tenjimbayashi,Y., Onuki,M., Iwata,T.			2019-03-14	dsDNA
LC456185	GenBank	Human papillomavirus type 16	Alphapapillomavirus 9		K0924	Human papillomavirus type 16 K0924 genomic DNA, complete genome	7905	complete	Japan	Japan	Homo sapiens		Kukimoto,I., Matsumoto,K., Hirose,Y., Tenjimbayashi,Y., Onuki,M., Iwata,T.			2019-03-14	dsDNA
LC456186	GenBank	Human papillomavirus type 16	Alphapapillomavirus 9		K0976	Human papillomavirus type 16 K0976 genomic DNA, complete genome	7906	complete	Japan	Japan	Homo sapiens		Kukimoto,I., Matsumoto,K., Hirose,Y., Tenjimbayashi,Y., Onuki,M., Iwata,T.			2019-03-14	dsDNA
LC456187	GenBank	Human papillomavirus type 16	Alphapapillomavirus 9		K1332	Human papillomavirus type 16 K1332 genomic DNA, complete genome	7966	complete	Japan	Japan	Homo sapiens		Kukimoto,I., Matsumoto,K., Hirose,Y., Tenjimbayashi,Y., Onuki,M., Iwata,T.			2019-03-14	dsDNA
LC456188	GenBank	Human papillomavirus type 16	Alphapapillomavirus 9		K1347	Human papillomavirus type 16 K1347 genomic DNA, complete genome	7904	complete	Japan	Japan	Homo sapiens		Kukimoto,I., Matsumoto,K., Hirose,Y., Tenjimbayashi,Y., Onuki,M., Iwata,T.			2019-03-14	dsDNA
LC456189	GenBank	Human papillomavirus type 16	Alphapapillomavirus 9		K1370	Human papillomavirus type 16 K1370 genomic DNA, complete genome	7905	complete	Japan	Japan	Homo sapiens		Kukimoto,I., Matsumoto,K., Hirose,Y., Tenjimbayashi,Y., Onuki,M., Iwata,T.			2019-03-14	dsDNA
LC456190	GenBank	Human papillomavirus type 16	Alphapapillomavirus 9		K1386	Human papillomavirus type 16 K1386 genomic DNA, complete genome	7908	complete	Japan	Japan	Homo sapiens		Kukimoto,I., Matsumoto,K., Hirose,Y., Tenjimbayashi,Y., Onuki,M., Iwata,T.			2019-03-14	dsDNA
LC456191	GenBank	Human papillomavirus type 16	Alphapapillomavirus 9		K1551	Human papillomavirus type 16 K1551 genomic DNA, complete genome	7906	complete	Japan	Japan	Homo sapiens		Kukimoto,I., Matsumoto,K., Hirose,Y., Tenjimbayashi,Y., Onuki,M., Iwata,T.			2019-03-14	dsDNA
LC456192	GenBank	Human papillomavirus type 16	Alphapapillomavirus 9		K1630	Human papillomavirus type 16 K1630 genomic DNA, complete genome	7973	complete	Japan	Japan	Homo sapiens		Kukimoto,I., Matsumoto,K., Hirose,Y., Tenjimbayashi,Y., Onuki,M., Iwata,T.			2019-03-14	dsDNA
LC456193	GenBank	Human papillomavirus type 16	Alphapapillomavirus 9		K1829	Human papillomavirus type 16 K1829 genomic DNA, complete genome	7904	complete	Japan	Japan	Homo sapiens		Kukimoto,I., Matsumoto,K., Hirose,Y., Tenjimbayashi,Y., Onuki,M., Iwata,T.			2019-03-14	dsDNA
LC456194	GenBank	Human papillomavirus type 16	Alphapapillomavirus 9		K1839	Human papillomavirus type 16 K1839 genomic DNA, complete genome	7905	complete	Japan	Japan	Homo sapiens		Kukimoto,I., Matsumoto,K., Hirose,Y., Tenjimbayashi,Y., Onuki,M., Iwata,T.			2019-03-14	dsDNA
LC456195	GenBank	Human papillomavirus type 16	Alphapapillomavirus 9		K1882	Human papillomavirus type 16 K1882 genomic DNA, complete genome	7904	complete	Japan	Japan	Homo sapiens		Kukimoto,I., Matsumoto,K., Hirose,Y., Tenjimbayashi,Y., Onuki,M., Iwata,T.			2019-03-14	dsDNA
LC456196	GenBank	Human papillomavirus type 16	Alphapapillomavirus 9		K1885	Human papillomavirus type 16 K1885 genomic DNA, complete genome	7905	complete	Japan	Japan	Homo sapiens		Kukimoto,I., Matsumoto,K., Hirose,Y., Tenjimbayashi,Y., Onuki,M., Iwata,T.			2019-03-14	dsDNA
LC456197	GenBank	Human papillomavirus type 16	Alphapapillomavirus 9		K1935	Human papillomavirus type 16 K1935 genomic DNA, complete genome	7906	complete	Japan	Japan	Homo sapiens		Kukimoto,I., Matsumoto,K., Hirose,Y., Tenjimbayashi,Y., Onuki,M., Iwata,T.			2019-03-14	dsDNA
LC456198	GenBank	Human papillomavirus type 16	Alphapapillomavirus 9		K0184	Human papillomavirus type 16 K0184 genomic DNA, complete genome	7905	complete	Japan	Japan	Homo sapiens		Kukimoto,I., Matsumoto,K., Hirose,Y., Tenjimbayashi,Y., Onuki,M., Iwata,T.			2019-03-14	dsDNA
LC456199	GenBank	Human papillomavirus type 16	Alphapapillomavirus 9		K0948	Human papillomavirus type 16 K0948 genomic DNA, complete genome	7906	complete	Japan	Japan	Homo sapiens		Kukimoto,I., Matsumoto,K., Hirose,Y., Tenjimbayashi,Y., Onuki,M., Iwata,T.			2019-03-14	dsDNA
LC456200	GenBank	Human papillomavirus type 16	Alphapapillomavirus 9		K1309	Human papillomavirus type 16 K1309 genomic DNA, complete genome	7905	complete	Japan	Japan	Homo sapiens		Kukimoto,I., Matsumoto,K., Hirose,Y., Tenjimbayashi,Y., Onuki,M., Iwata,T.			2019-03-14	dsDNA
LC456201	GenBank	Human papillomavirus type 16	Alphapapillomavirus 9		K1429	Human papillomavirus type 16 K1429 genomic DNA, complete genome	7906	complete	Japan	Japan	Homo sapiens		Kukimoto,I., Matsumoto,K., Hirose,Y., Tenjimbayashi,Y., Onuki,M., Iwata,T.			2019-03-14	dsDNA
LC456606	GenBank	Human papillomavirus type 16	Alphapapillomavirus 9		K1753	Human papillomavirus type 16 K1753 DNA, complete genome	7905	complete	Japan	Japan	Homo sapiens		Kukimoto,I., Matsumoto,K., Hirose,Y., Tenjimbayashi,Y., Onuki,M., Iwata,T.			2019-03-14	dsDNA
LC456607	GenBank	Human papillomavirus type 16	Alphapapillomavirus 9		K1755	Human papillomavirus type 16 K1755 DNA, complete genome	7904	complete	Japan	Japan	Homo sapiens		Kukimoto,I., Matsumoto,K., Hirose,Y., Tenjimbayashi,Y., Onuki,M., Iwata,T.			2019-03-14	dsDNA
LC456608	GenBank	Human papillomavirus type 16	Alphapapillomavirus 9		K1784	Human papillomavirus type 16 K1784 DNA, complete genome	7906	complete	Japan	Japan	Homo sapiens		Kukimoto,I., Matsumoto,K., Hirose,Y., Tenjimbayashi,Y., Onuki,M., Iwata,T.			2019-03-14	dsDNA
LC456609	GenBank	Human papillomavirus type 16	Alphapapillomavirus 9		K1792	Human papillomavirus type 16 K1792 DNA, complete genome	7905	complete	Japan	Japan	Homo sapiens		Kukimoto,I., Matsumoto,K., Hirose,Y., Tenjimbayashi,Y., Onuki,M., Iwata,T.			2019-03-14	dsDNA
LC456610	GenBank	Human papillomavirus type 16	Alphapapillomavirus 9		K1805	Human papillomavirus type 16 K1805 DNA, complete genome	7906	complete	Japan	Japan	Homo sapiens		Kukimoto,I., Matsumoto,K., Hirose,Y., Tenjimbayashi,Y., Onuki,M., Iwata,T.			2019-03-14	dsDNA
LC456611	GenBank	Human papillomavirus type 16	Alphapapillomavirus 9		K1809	Human papillomavirus type 16 K1809 DNA, complete genome	7905	complete	Japan	Japan	Homo sapiens		Kukimoto,I., Matsumoto,K., Hirose,Y., Tenjimbayashi,Y., Onuki,M., Iwata,T.			2019-03-14	dsDNA
LC456612	GenBank	Human papillomavirus type 16	Alphapapillomavirus 9		K1825	Human papillomavirus type 16 K1825 DNA, complete genome	7863	complete	Japan	Japan	Homo sapiens		Kukimoto,I., Matsumoto,K., Hirose,Y., Tenjimbayashi,Y., Onuki,M., Iwata,T.			2019-03-14	dsDNA
LC456613	GenBank	Human papillomavirus type 16	Alphapapillomavirus 9		K1844	Human papillomavirus type 16 K1844 DNA, complete genome	7905	complete	Japan	Japan	Homo sapiens		Kukimoto,I., Matsumoto,K., Hirose,Y., Tenjimbayashi,Y., Onuki,M., Iwata,T.			2019-03-14	dsDNA
LC456614	GenBank	Human papillomavirus type 16	Alphapapillomavirus 9		K1995	Human papillomavirus type 16 K1995 DNA, complete genome	7906	complete	Japan	Japan	Homo sapiens		Kukimoto,I., Matsumoto,K., Hirose,Y., Tenjimbayashi,Y., Onuki,M., Iwata,T.			2019-03-14	dsDNA
LC456615	GenBank	Human papillomavirus type 16	Alphapapillomavirus 9		K2022	Human papillomavirus type 16 K2022 DNA, complete genome	7906	complete	Japan	Japan	Homo sapiens		Kukimoto,I., Matsumoto,K., Hirose,Y., Tenjimbayashi,Y., Onuki,M., Iwata,T.			2019-03-14	dsDNA
LC456616	GenBank	Human papillomavirus type 16	Alphapapillomavirus 9		K2039	Human papillomavirus type 16 K2039 DNA, complete genome	7905	complete	Japan	Japan	Homo sapiens		Kukimoto,I., Matsumoto,K., Hirose,Y., Tenjimbayashi,Y., Onuki,M., Iwata,T.			2019-03-14	dsDNA
LC456617	GenBank	Human papillomavirus type 16	Alphapapillomavirus 9		K2041	Human papillomavirus type 16 K2041 DNA, complete genome	7906	complete	Japan	Japan	Homo sapiens		Kukimoto,I., Matsumoto,K., Hirose,Y., Tenjimbayashi,Y., Onuki,M., Iwata,T.			2019-03-14	dsDNA
LC456618	GenBank	Human papillomavirus type 16	Alphapapillomavirus 9		K2057	Human papillomavirus type 16 K2057 DNA, complete genome	7908	complete	Japan	Japan	Homo sapiens		Kukimoto,I., Matsumoto,K., Hirose,Y., Tenjimbayashi,Y., Onuki,M., Iwata,T.			2019-03-14	dsDNA
LC456619	GenBank	Human papillomavirus type 16	Alphapapillomavirus 9		K2063	Human papillomavirus type 16 K2063 DNA, complete genome	7905	complete	Japan	Japan	Homo sapiens		Kukimoto,I., Matsumoto,K., Hirose,Y., Tenjimbayashi,Y., Onuki,M., Iwata,T.			2019-03-14	dsDNA
LC456620	GenBank	Human papillomavirus type 16	Alphapapillomavirus 9		K2067	Human papillomavirus type 16 K2067 DNA, complete genome	7905	complete	Japan	Japan	Homo sapiens		Kukimoto,I., Matsumoto,K., Hirose,Y., Tenjimbayashi,Y., Onuki,M., Iwata,T.			2019-03-14	dsDNA
LC456621	GenBank	Human papillomavirus type 16	Alphapapillomavirus 9		K2111	Human papillomavirus type 16 K2111 DNA, complete genome	7905	complete	Japan	Japan	Homo sapiens		Kukimoto,I., Matsumoto,K., Hirose,Y., Tenjimbayashi,Y., Onuki,M., Iwata,T.			2019-03-14	dsDNA
LC456622	GenBank	Human papillomavirus type 16	Alphapapillomavirus 9		K2124	Human papillomavirus type 16 K2124 DNA, complete genome	7905	complete	Japan	Japan	Homo sapiens		Kukimoto,I., Matsumoto,K., Hirose,Y., Tenjimbayashi,Y., Onuki,M., Iwata,T.			2019-03-14	dsDNA
LC456623	GenBank	Human papillomavirus type 16	Alphapapillomavirus 9		K2145	Human papillomavirus type 16 K2145 DNA, complete genome	7909	complete	Japan	Japan	Homo sapiens		Kukimoto,I., Matsumoto,K., Hirose,Y., Tenjimbayashi,Y., Onuki,M., Iwata,T.			2019-03-14	dsDNA
LC456624	GenBank	Human papillomavirus type 16	Alphapapillomavirus 9		K2175	Human papillomavirus type 16 K2175 DNA, complete genome	7895	complete	Japan	Japan	Homo sapiens		Kukimoto,I., Matsumoto,K., Hirose,Y., Tenjimbayashi,Y., Onuki,M., Iwata,T.			2019-03-14	dsDNA
LC456625	GenBank	Human papillomavirus type 16	Alphapapillomavirus 9		K1198	Human papillomavirus type 16 K1198 DNA, complete genome	7905	complete	Japan	Japan	Homo sapiens		Kukimoto,I., Matsumoto,K., Hirose,Y., Tenjimbayashi,Y., Onuki,M., Iwata,T.			2019-03-14	dsDNA
LC456626	GenBank	Human papillomavirus type 16	Alphapapillomavirus 9		K1529	Human papillomavirus type 16 K1529 DNA, complete genome	7904	complete	Japan	Japan	Homo sapiens		Kukimoto,I., Matsumoto,K., Hirose,Y., Tenjimbayashi,Y., Onuki,M., Iwata,T.			2019-03-14	dsDNA
LC456627	GenBank	Human papillomavirus type 16	Alphapapillomavirus 9		K0854	Human papillomavirus type 16 K0854 DNA, complete genome	7906	complete	Japan	Japan	Homo sapiens		Kukimoto,I., Matsumoto,K., Hirose,Y., Tenjimbayashi,Y., Onuki,M., Iwata,T.			2019-03-14	dsDNA
LC456628	GenBank	Human papillomavirus type 16	Alphapapillomavirus 9		K2118	Human papillomavirus type 16 K2118 DNA, complete genome	7906	complete	Japan	Japan	Homo sapiens		Kukimoto,I., Matsumoto,K., Hirose,Y., Tenjimbayashi,Y., Onuki,M., Iwata,T.			2019-03-14	dsDNA
LC456629	GenBank	Human papillomavirus type 16	Alphapapillomavirus 9		SW0050	Human papillomavirus type 16 SW0050 DNA, complete genome	7906	complete	Japan	Japan	Homo sapiens		Kukimoto,I., Matsumoto,K., Hirose,Y., Tenjimbayashi,Y., Onuki,M., Iwata,T.			2019-03-14	dsDNA
LC456630	GenBank	Human papillomavirus type 16	Alphapapillomavirus 9		SW0055	Human papillomavirus type 16 SW0055 DNA, complete genome	7905	complete	Japan	Japan	Homo sapiens		Kukimoto,I., Matsumoto,K., Hirose,Y., Tenjimbayashi,Y., Onuki,M., Iwata,T.			2019-03-14	dsDNA
LC456631	GenBank	Human papillomavirus type 16	Alphapapillomavirus 9		SW0059	Human papillomavirus type 16 SW0059 DNA, complete genome	7905	complete	Japan	Japan	Homo sapiens		Kukimoto,I., Matsumoto,K., Hirose,Y., Tenjimbayashi,Y., Onuki,M., Iwata,T.			2019-03-14	dsDNA
LC456632	GenBank	Human papillomavirus type 16	Alphapapillomavirus 9		TK0141	Human papillomavirus type 16 TK0141 DNA, complete genome	7905	complete	Japan	Japan	Homo sapiens		Kukimoto,I., Matsumoto,K., Hirose,Y., Tenjimbayashi,Y., Onuki,M., Iwata,T.			2019-03-14	dsDNA
LC456633	GenBank	Human papillomavirus type 16	Alphapapillomavirus 9		TK0151	Human papillomavirus type 16 TK0151 DNA, complete genome	7906	complete	Japan	Japan	Homo sapiens		Kukimoto,I., Matsumoto,K., Hirose,Y., Tenjimbayashi,Y., Onuki,M., Iwata,T.			2019-03-14	dsDNA
LC456634	GenBank	Human papillomavirus type 16	Alphapapillomavirus 9		TK0153	Human papillomavirus type 16 TK0153 DNA, complete genome	7905	complete	Japan	Japan	Homo sapiens		Kukimoto,I., Matsumoto,K., Hirose,Y., Tenjimbayashi,Y., Onuki,M., Iwata,T.			2019-03-14	dsDNA
LC456635	GenBank	Human papillomavirus type 16	Alphapapillomavirus 9		TK0155	Human papillomavirus type 16 TK0155 DNA, complete genome	7905	complete	Japan	Japan	Homo sapiens		Kukimoto,I., Matsumoto,K., Hirose,Y., Tenjimbayashi,Y., Onuki,M., Iwata,T.			2019-03-14	dsDNA
LC456636	GenBank	Human papillomavirus type 16	Alphapapillomavirus 9		TK0156	Human papillomavirus type 16 TK0156 DNA, complete genome	7905	complete	Japan	Japan	Homo sapiens		Kukimoto,I., Matsumoto,K., Hirose,Y., Tenjimbayashi,Y., Onuki,M., Iwata,T.			2019-03-14	dsDNA
LC456637	GenBank	Human papillomavirus type 16	Alphapapillomavirus 9		K1931	Human papillomavirus type 16 K1931 DNA, complete genome	7906	complete	Japan	Japan	Homo sapiens		Kukimoto,I., Matsumoto,K., Hirose,Y., Tenjimbayashi,Y., Onuki,M., Iwata,T.			2019-03-14	dsDNA
MH892050	GenBank	Human papillomavirus type 16	Alphapapillomavirus 9			Human papillomavirus type 16 strain mutant, complete genome	7905	complete	China: northeast	China	Homo sapiens		Wu,Y., Sun,Z., Wu,S., Wang,S., Yao,X.		2017-06-15	2018-11-18	dsDNA
KY994539	GenBank	Human papillomavirus type 16	Alphapapillomavirus 9		HN-LU-SCC-26	Human papillomavirus type 16 isolate HN-LU-SCC-26, complete genome	7904	complete	Sweden	Sweden	Homo sapiens		Forslund,O., Schwartz,S., Wu,C., Paulsson,K., Bzhalava,D., Hultin,E., Dillner,J., Wennerberg,J., Ekblad,L.		2014-02-11	2018-04-26	dsDNA
LC368952	GenBank	Human papillomavirus type 16	Alphapapillomavirus 9		K0026	Human papillomavirus type 16 K0026 genomic DNA, complete genome	7905	complete					Hirose,Y., Onuki,M., Tenjimbayashi,Y., Mori,S., Ishii,Y., Takeuchi,T., Tasaka,N., Satoh,T., Morisada,T., Iwata,T., Miyamoto,S., Matsumoto,K., Sekizawa,A., Kukimoto,I.	1		2018-03-21	dsDNA
LC368953	GenBank	Human papillomavirus type 16	Alphapapillomavirus 9		K0112	Human papillomavirus type 16 K0112 genomic DNA, complete genome	7908	complete					Hirose,Y., Onuki,M., Tenjimbayashi,Y., Mori,S., Ishii,Y., Takeuchi,T., Tasaka,N., Satoh,T., Morisada,T., Iwata,T., Miyamoto,S., Matsumoto,K., Sekizawa,A., Kukimoto,I.	1		2018-03-21	dsDNA
LC368954	GenBank	Human papillomavirus type 16	Alphapapillomavirus 9		K0133	Human papillomavirus type 16 K0133 genomic DNA, complete genome	7906	complete					Hirose,Y., Onuki,M., Tenjimbayashi,Y., Mori,S., Ishii,Y., Takeuchi,T., Tasaka,N., Satoh,T., Morisada,T., Iwata,T., Miyamoto,S., Matsumoto,K., Sekizawa,A., Kukimoto,I.	1		2018-03-21	dsDNA
LC368955	GenBank	Human papillomavirus type 16	Alphapapillomavirus 9		K0206	Human papillomavirus type 16 K0206 genomic DNA, complete genome	7905	complete					Hirose,Y., Onuki,M., Tenjimbayashi,Y., Mori,S., Ishii,Y., Takeuchi,T., Tasaka,N., Satoh,T., Morisada,T., Iwata,T., Miyamoto,S., Matsumoto,K., Sekizawa,A., Kukimoto,I.	1		2018-03-21	dsDNA
LC368956	GenBank	Human papillomavirus type 16	Alphapapillomavirus 9		K0499	Human papillomavirus type 16 K0499 genomic DNA, complete genome	7906	complete					Hirose,Y., Onuki,M., Tenjimbayashi,Y., Mori,S., Ishii,Y., Takeuchi,T., Tasaka,N., Satoh,T., Morisada,T., Iwata,T., Miyamoto,S., Matsumoto,K., Sekizawa,A., Kukimoto,I.	1		2018-03-21	dsDNA
LC368957	GenBank	Human papillomavirus type 16	Alphapapillomavirus 9		K0505	Human papillomavirus type 16 K0505 genomic DNA, complete genome	7905	complete					Hirose,Y., Onuki,M., Tenjimbayashi,Y., Mori,S., Ishii,Y., Takeuchi,T., Tasaka,N., Satoh,T., Morisada,T., Iwata,T., Miyamoto,S., Matsumoto,K., Sekizawa,A., Kukimoto,I.	1		2018-03-21	dsDNA
LC368958	GenBank	Human papillomavirus type 16	Alphapapillomavirus 9		K0604	Human papillomavirus type 16 K0604 genomic DNA, complete genome	7904	complete					Hirose,Y., Onuki,M., Tenjimbayashi,Y., Mori,S., Ishii,Y., Takeuchi,T., Tasaka,N., Satoh,T., Morisada,T., Iwata,T., Miyamoto,S., Matsumoto,K., Sekizawa,A., Kukimoto,I.	1		2018-03-21	dsDNA
LC368959	GenBank	Human papillomavirus type 16	Alphapapillomavirus 9		SW020	Human papillomavirus type 16 SW020 genomic DNA, complete genome	7903	complete					Hirose,Y., Onuki,M., Tenjimbayashi,Y., Mori,S., Ishii,Y., Takeuchi,T., Tasaka,N., Satoh,T., Morisada,T., Iwata,T., Miyamoto,S., Matsumoto,K., Sekizawa,A., Kukimoto,I.	1		2018-03-21	dsDNA
LC368960	GenBank	Human papillomavirus type 16	Alphapapillomavirus 9		K0402	Human papillomavirus type 16 K0402 genomic DNA, complete genome	7905	complete					Hirose,Y., Onuki,M., Tenjimbayashi,Y., Mori,S., Ishii,Y., Takeuchi,T., Tasaka,N., Satoh,T., Morisada,T., Iwata,T., Miyamoto,S., Matsumoto,K., Sekizawa,A., Kukimoto,I.	1		2018-03-21	dsDNA
LC368961	GenBank	Human papillomavirus type 16	Alphapapillomavirus 9		K0727	Human papillomavirus type 16 K0727 genomic DNA, complete genome	7905	complete					Hirose,Y., Onuki,M., Tenjimbayashi,Y., Mori,S., Ishii,Y., Takeuchi,T., Tasaka,N., Satoh,T., Morisada,T., Iwata,T., Miyamoto,S., Matsumoto,K., Sekizawa,A., Kukimoto,I.	1		2018-03-21	dsDNA
LC368962	GenBank	Human papillomavirus type 16	Alphapapillomavirus 9		K0804	Human papillomavirus type 16 K0804 genomic DNA, complete genome	7905	complete					Hirose,Y., Onuki,M., Tenjimbayashi,Y., Mori,S., Ishii,Y., Takeuchi,T., Tasaka,N., Satoh,T., Morisada,T., Iwata,T., Miyamoto,S., Matsumoto,K., Sekizawa,A., Kukimoto,I.	1		2018-03-21	dsDNA
LC368963	GenBank	Human papillomavirus type 16	Alphapapillomavirus 9		K0815	Human papillomavirus type 16 K0815 genomic DNA, complete genome	7905	complete					Hirose,Y., Onuki,M., Tenjimbayashi,Y., Mori,S., Ishii,Y., Takeuchi,T., Tasaka,N., Satoh,T., Morisada,T., Iwata,T., Miyamoto,S., Matsumoto,K., Sekizawa,A., Kukimoto,I.	1		2018-03-21	dsDNA
LC368964	GenBank	Human papillomavirus type 16	Alphapapillomavirus 9		K1206	Human papillomavirus type 16 K1206 genomic DNA, complete genome	7968	complete					Hirose,Y., Onuki,M., Tenjimbayashi,Y., Mori,S., Ishii,Y., Takeuchi,T., Tasaka,N., Satoh,T., Morisada,T., Iwata,T., Miyamoto,S., Matsumoto,K., Sekizawa,A., Kukimoto,I.	1		2018-03-21	dsDNA
LC368965	GenBank	Human papillomavirus type 16	Alphapapillomavirus 9		TK019	Human papillomavirus type 16 TK019 genomic DNA, complete genome	7905	complete					Hirose,Y., Onuki,M., Tenjimbayashi,Y., Mori,S., Ishii,Y., Takeuchi,T., Tasaka,N., Satoh,T., Morisada,T., Iwata,T., Miyamoto,S., Matsumoto,K., Sekizawa,A., Kukimoto,I.	1		2018-03-21	dsDNA
LC368966	GenBank	Human papillomavirus type 16	Alphapapillomavirus 9		TK001	Human papillomavirus type 16 TK001 genomic DNA, complete genome	7876	complete					Hirose,Y., Onuki,M., Tenjimbayashi,Y., Mori,S., Ishii,Y., Takeuchi,T., Tasaka,N., Satoh,T., Morisada,T., Iwata,T., Miyamoto,S., Matsumoto,K., Sekizawa,A., Kukimoto,I.	1		2018-03-21	dsDNA
LC368967	GenBank	Human papillomavirus type 16	Alphapapillomavirus 9		TK085	Human papillomavirus type 16 TK085 genomic DNA, complete genome	7906	complete					Hirose,Y., Onuki,M., Tenjimbayashi,Y., Mori,S., Ishii,Y., Takeuchi,T., Tasaka,N., Satoh,T., Morisada,T., Iwata,T., Miyamoto,S., Matsumoto,K., Sekizawa,A., Kukimoto,I.	1		2018-03-21	dsDNA
LC368968	GenBank	Human papillomavirus type 16	Alphapapillomavirus 9		K1758	Human papillomavirus type 16 K1758 genomic DNA, complete genome	7906	complete					Hirose,Y., Onuki,M., Tenjimbayashi,Y., Mori,S., Ishii,Y., Takeuchi,T., Tasaka,N., Satoh,T., Morisada,T., Iwata,T., Miyamoto,S., Matsumoto,K., Sekizawa,A., Kukimoto,I.	1		2018-03-21	dsDNA
LC368969	GenBank	Human papillomavirus type 16	Alphapapillomavirus 9		K1134	Human papillomavirus type 16 K1134 genomic DNA, complete genome	7905	complete					Hirose,Y., Onuki,M., Tenjimbayashi,Y., Mori,S., Ishii,Y., Takeuchi,T., Tasaka,N., Satoh,T., Morisada,T., Iwata,T., Miyamoto,S., Matsumoto,K., Sekizawa,A., Kukimoto,I.	1		2018-03-21	dsDNA
LC368970	GenBank	Human papillomavirus type 16	Alphapapillomavirus 9		K1167	Human papillomavirus type 16 K1167 genomic DNA, complete genome	7905	complete					Hirose,Y., Onuki,M., Tenjimbayashi,Y., Mori,S., Ishii,Y., Takeuchi,T., Tasaka,N., Satoh,T., Morisada,T., Iwata,T., Miyamoto,S., Matsumoto,K., Sekizawa,A., Kukimoto,I.	1		2018-03-21	dsDNA
LC368971	GenBank	Human papillomavirus type 16	Alphapapillomavirus 9		K1175	Human papillomavirus type 16 K1175 genomic DNA, complete genome	7905	complete					Hirose,Y., Onuki,M., Tenjimbayashi,Y., Mori,S., Ishii,Y., Takeuchi,T., Tasaka,N., Satoh,T., Morisada,T., Iwata,T., Miyamoto,S., Matsumoto,K., Sekizawa,A., Kukimoto,I.	1		2018-03-21	dsDNA
LC368972	GenBank	Human papillomavirus type 16	Alphapapillomavirus 9		K1203	Human papillomavirus type 16 K1203 genomic DNA, complete genome	7905	complete					Hirose,Y., Onuki,M., Tenjimbayashi,Y., Mori,S., Ishii,Y., Takeuchi,T., Tasaka,N., Satoh,T., Morisada,T., Iwata,T., Miyamoto,S., Matsumoto,K., Sekizawa,A., Kukimoto,I.	1		2018-03-21	dsDNA
LC368973	GenBank	Human papillomavirus type 16	Alphapapillomavirus 9		K1312	Human papillomavirus type 16 K1312 genomic DNA, complete genome	7905	complete					Hirose,Y., Onuki,M., Tenjimbayashi,Y., Mori,S., Ishii,Y., Takeuchi,T., Tasaka,N., Satoh,T., Morisada,T., Iwata,T., Miyamoto,S., Matsumoto,K., Sekizawa,A., Kukimoto,I.	1		2018-03-21	dsDNA
LC368974	GenBank	Human papillomavirus type 16	Alphapapillomavirus 9		TK009	Human papillomavirus type 16 TK009 genomic DNA, complete genome	7905	complete					Hirose,Y., Onuki,M., Tenjimbayashi,Y., Mori,S., Ishii,Y., Takeuchi,T., Tasaka,N., Satoh,T., Morisada,T., Iwata,T., Miyamoto,S., Matsumoto,K., Sekizawa,A., Kukimoto,I.	1		2018-03-21	dsDNA
LC368975	GenBank	Human papillomavirus type 16	Alphapapillomavirus 9		TK042	Human papillomavirus type 16 TK042 genomic DNA, complete genome	7905	complete					Hirose,Y., Onuki,M., Tenjimbayashi,Y., Mori,S., Ishii,Y., Takeuchi,T., Tasaka,N., Satoh,T., Morisada,T., Iwata,T., Miyamoto,S., Matsumoto,K., Sekizawa,A., Kukimoto,I.	1		2018-03-21	dsDNA
LC368976	GenBank	Human papillomavirus type 16	Alphapapillomavirus 9		K1233	Human papillomavirus type 16 K1233 genomic DNA, complete genome	7968	complete					Hirose,Y., Onuki,M., Tenjimbayashi,Y., Mori,S., Ishii,Y., Takeuchi,T., Tasaka,N., Satoh,T., Morisada,T., Iwata,T., Miyamoto,S., Matsumoto,K., Sekizawa,A., Kukimoto,I.	1		2018-03-21	dsDNA
LC368977	GenBank	Human papillomavirus type 16	Alphapapillomavirus 9		TK053	Human papillomavirus type 16 TK053 genomic DNA, complete genome	7906	complete					Hirose,Y., Onuki,M., Tenjimbayashi,Y., Mori,S., Ishii,Y., Takeuchi,T., Tasaka,N., Satoh,T., Morisada,T., Iwata,T., Miyamoto,S., Matsumoto,K., Sekizawa,A., Kukimoto,I.	1		2018-03-21	dsDNA
LC368978	GenBank	Human papillomavirus type 16	Alphapapillomavirus 9		TK060	Human papillomavirus type 16 TK060 genomic DNA, complete genome	7905	complete					Hirose,Y., Onuki,M., Tenjimbayashi,Y., Mori,S., Ishii,Y., Takeuchi,T., Tasaka,N., Satoh,T., Morisada,T., Iwata,T., Miyamoto,S., Matsumoto,K., Sekizawa,A., Kukimoto,I.	1		2018-03-21	dsDNA
LC368979	GenBank	Human papillomavirus type 16	Alphapapillomavirus 9		TK068	Human papillomavirus type 16 TK068 genomic DNA, complete genome	7907	complete					Hirose,Y., Onuki,M., Tenjimbayashi,Y., Mori,S., Ishii,Y., Takeuchi,T., Tasaka,N., Satoh,T., Morisada,T., Iwata,T., Miyamoto,S., Matsumoto,K., Sekizawa,A., Kukimoto,I.	1		2018-03-21	dsDNA
LC368980	GenBank	Human papillomavirus type 16	Alphapapillomavirus 9		K1608	Human papillomavirus type 16 K1608 genomic DNA, complete genome	7906	complete					Hirose,Y., Onuki,M., Tenjimbayashi,Y., Mori,S., Ishii,Y., Takeuchi,T., Tasaka,N., Satoh,T., Morisada,T., Iwata,T., Miyamoto,S., Matsumoto,K., Sekizawa,A., Kukimoto,I.	1		2018-03-21	dsDNA
LC368981	GenBank	Human papillomavirus type 16	Alphapapillomavirus 9		K1888	Human papillomavirus type 16 K1888 genomic DNA, complete genome	7905	complete					Hirose,Y., Onuki,M., Tenjimbayashi,Y., Mori,S., Ishii,Y., Takeuchi,T., Tasaka,N., Satoh,T., Morisada,T., Iwata,T., Miyamoto,S., Matsumoto,K., Sekizawa,A., Kukimoto,I.	1		2018-03-21	dsDNA
LC368982	GenBank	Human papillomavirus type 16	Alphapapillomavirus 9		SW018	Human papillomavirus type 16 SW018 genomic DNA, complete genome	7884	complete					Hirose,Y., Onuki,M., Tenjimbayashi,Y., Mori,S., Ishii,Y., Takeuchi,T., Tasaka,N., Satoh,T., Morisada,T., Iwata,T., Miyamoto,S., Matsumoto,K., Sekizawa,A., Kukimoto,I.	1		2018-03-21	dsDNA
LC368983	GenBank	Human papillomavirus type 16	Alphapapillomavirus 9		K1099	Human papillomavirus type 16 K1099 genomic DNA, complete genome	7905	complete					Hirose,Y., Onuki,M., Tenjimbayashi,Y., Mori,S., Ishii,Y., Takeuchi,T., Tasaka,N., Satoh,T., Morisada,T., Iwata,T., Miyamoto,S., Matsumoto,K., Sekizawa,A., Kukimoto,I.	1		2018-03-21	dsDNA
LC368984	GenBank	Human papillomavirus type 16	Alphapapillomavirus 9		K1183	Human papillomavirus type 16 K1183 genomic DNA, complete genome	7971	complete					Hirose,Y., Onuki,M., Tenjimbayashi,Y., Mori,S., Ishii,Y., Takeuchi,T., Tasaka,N., Satoh,T., Morisada,T., Iwata,T., Miyamoto,S., Matsumoto,K., Sekizawa,A., Kukimoto,I.	1		2018-03-21	dsDNA
LC368985	GenBank	Human papillomavirus type 16	Alphapapillomavirus 9		K1227	Human papillomavirus type 16 K1227 genomic DNA, complete genome	7905	complete					Hirose,Y., Onuki,M., Tenjimbayashi,Y., Mori,S., Ishii,Y., Takeuchi,T., Tasaka,N., Satoh,T., Morisada,T., Iwata,T., Miyamoto,S., Matsumoto,K., Sekizawa,A., Kukimoto,I.	1		2018-03-21	dsDNA
LC368986	GenBank	Human papillomavirus type 16	Alphapapillomavirus 9		TK033	Human papillomavirus type 16 TK033 genomic DNA, complete genome	7905	complete					Hirose,Y., Onuki,M., Tenjimbayashi,Y., Mori,S., Ishii,Y., Takeuchi,T., Tasaka,N., Satoh,T., Morisada,T., Iwata,T., Miyamoto,S., Matsumoto,K., Sekizawa,A., Kukimoto,I.	1		2018-03-21	dsDNA
LC368987	GenBank	Human papillomavirus type 16	Alphapapillomavirus 9		K1240	Human papillomavirus type 16 K1240 genomic DNA, complete genome	7904	complete					Hirose,Y., Onuki,M., Tenjimbayashi,Y., Mori,S., Ishii,Y., Takeuchi,T., Tasaka,N., Satoh,T., Morisada,T., Iwata,T., Miyamoto,S., Matsumoto,K., Sekizawa,A., Kukimoto,I.	1		2018-03-21	dsDNA
LC368988	GenBank	Human papillomavirus type 16	Alphapapillomavirus 9		K1275	Human papillomavirus type 16 K1275 genomic DNA, complete genome	7905	complete					Hirose,Y., Onuki,M., Tenjimbayashi,Y., Mori,S., Ishii,Y., Takeuchi,T., Tasaka,N., Satoh,T., Morisada,T., Iwata,T., Miyamoto,S., Matsumoto,K., Sekizawa,A., Kukimoto,I.	1		2018-03-21	dsDNA
LC368989	GenBank	Human papillomavirus type 16	Alphapapillomavirus 9		TK006	Human papillomavirus type 16 TK006 genomic DNA, complete genome	7905	complete					Hirose,Y., Onuki,M., Tenjimbayashi,Y., Mori,S., Ishii,Y., Takeuchi,T., Tasaka,N., Satoh,T., Morisada,T., Iwata,T., Miyamoto,S., Matsumoto,K., Sekizawa,A., Kukimoto,I.	1		2018-03-21	dsDNA
LC368990	GenBank	Human papillomavirus type 16	Alphapapillomavirus 9		TK012	Human papillomavirus type 16 TK012 genomic DNA, complete genome	7905	complete					Hirose,Y., Onuki,M., Tenjimbayashi,Y., Mori,S., Ishii,Y., Takeuchi,T., Tasaka,N., Satoh,T., Morisada,T., Iwata,T., Miyamoto,S., Matsumoto,K., Sekizawa,A., Kukimoto,I.	1		2018-03-21	dsDNA
LC368991	GenBank	Human papillomavirus type 16	Alphapapillomavirus 9		TK078	Human papillomavirus type 16 TK078 genomic DNA, complete genome	7905	complete					Hirose,Y., Onuki,M., Tenjimbayashi,Y., Mori,S., Ishii,Y., Takeuchi,T., Tasaka,N., Satoh,T., Morisada,T., Iwata,T., Miyamoto,S., Matsumoto,K., Sekizawa,A., Kukimoto,I.	1		2018-03-21	dsDNA
LC368992	GenBank	Human papillomavirus type 16	Alphapapillomavirus 9		TK081	Human papillomavirus type 16 TK081 genomic DNA, complete genome	7905	complete					Hirose,Y., Onuki,M., Tenjimbayashi,Y., Mori,S., Ishii,Y., Takeuchi,T., Tasaka,N., Satoh,T., Morisada,T., Iwata,T., Miyamoto,S., Matsumoto,K., Sekizawa,A., Kukimoto,I.	1		2018-03-21	dsDNA
LC368993	GenBank	Human papillomavirus type 16	Alphapapillomavirus 9		TK050	Human papillomavirus type 16 TK050 genomic DNA, complete genome	7908	complete					Hirose,Y., Onuki,M., Tenjimbayashi,Y., Mori,S., Ishii,Y., Takeuchi,T., Tasaka,N., Satoh,T., Morisada,T., Iwata,T., Miyamoto,S., Matsumoto,K., Sekizawa,A., Kukimoto,I.	1		2018-03-21	dsDNA
LC368994	GenBank	Human papillomavirus type 16	Alphapapillomavirus 9		TK121	Human papillomavirus type 16 TK121 genomic DNA, complete genome	7905	complete					Hirose,Y., Onuki,M., Tenjimbayashi,Y., Mori,S., Ishii,Y., Takeuchi,T., Tasaka,N., Satoh,T., Morisada,T., Iwata,T., Miyamoto,S., Matsumoto,K., Sekizawa,A., Kukimoto,I.	1		2018-03-21	dsDNA
LC368995	GenBank	Human papillomavirus type 16	Alphapapillomavirus 9		TK133	Human papillomavirus type 16 TK133 genomic DNA, complete genome	7905	complete					Hirose,Y., Onuki,M., Tenjimbayashi,Y., Mori,S., Ishii,Y., Takeuchi,T., Tasaka,N., Satoh,T., Morisada,T., Iwata,T., Miyamoto,S., Matsumoto,K., Sekizawa,A., Kukimoto,I.	1		2018-03-21	dsDNA
LC368996	GenBank	Human papillomavirus type 16	Alphapapillomavirus 9		TK138	Human papillomavirus type 16 TK138 genomic DNA, complete genome	7905	complete					Hirose,Y., Onuki,M., Tenjimbayashi,Y., Mori,S., Ishii,Y., Takeuchi,T., Tasaka,N., Satoh,T., Morisada,T., Iwata,T., Miyamoto,S., Matsumoto,K., Sekizawa,A., Kukimoto,I.	1		2018-03-21	dsDNA
LC368997	GenBank	Human papillomavirus type 16	Alphapapillomavirus 9		TK111	Human papillomavirus type 16 TK111 genomic DNA, complete genome	7905	complete					Hirose,Y., Onuki,M., Tenjimbayashi,Y., Mori,S., Ishii,Y., Takeuchi,T., Tasaka,N., Satoh,T., Morisada,T., Iwata,T., Miyamoto,S., Matsumoto,K., Sekizawa,A., Kukimoto,I.	1		2018-03-21	dsDNA
KX947269	GenBank	Human papillomavirus type 16	Alphapapillomavirus 9		Achham_1	Human papillomavirus type 16 isolate Achham_1, complete genome	7906	complete	Nepal	Nepal	Homo sapiens	cervix	Makowsky,R., Lhaki,P., Wiener,H.W., Bhatta,M.P., Cullen,M., Johnson,D.C., Perry,R.T., Lama,M., Boland,J.F., Yeager,M., Ghimire,S., Broker,T.R., Shrestha,S.	1	2014	2017-10-10	dsDNA
KX947270	GenBank	Human papillomavirus type 16	Alphapapillomavirus 9		Achham_4	Human papillomavirus type 16 isolate Achham_4, complete genome	7906	complete	Nepal	Nepal	Homo sapiens	cervix	Makowsky,R., Lhaki,P., Wiener,H.W., Bhatta,M.P., Cullen,M., Johnson,D.C., Perry,R.T., Lama,M., Boland,J.F., Yeager,M., Ghimire,S., Broker,T.R., Shrestha,S.	1	2014	2017-10-10	dsDNA
KX947271	GenBank	Human papillomavirus type 16	Alphapapillomavirus 9		Jhapa_8	Human papillomavirus type 16 isolate Jhapa_8, complete genome	7906	complete	Nepal	Nepal	Homo sapiens	cervix	Makowsky,R., Lhaki,P., Wiener,H.W., Bhatta,M.P., Cullen,M., Johnson,D.C., Perry,R.T., Lama,M., Boland,J.F., Yeager,M., Ghimire,S., Broker,T.R., Shrestha,S.	1	2014	2017-10-10	dsDNA
KX947272	GenBank	Human papillomavirus type 16	Alphapapillomavirus 9		Accham_5	Human papillomavirus type 16 isolate Accham_5, complete genome	7906	complete	Nepal	Nepal	Homo sapiens	cervix	Makowsky,R., Lhaki,P., Wiener,H.W., Bhatta,M.P., Cullen,M., Johnson,D.C., Perry,R.T., Lama,M., Boland,J.F., Yeager,M., Ghimire,S., Broker,T.R., Shrestha,S.	1	2014	2017-10-10	dsDNA
KX947273	GenBank	Human papillomavirus type 16	Alphapapillomavirus 9		Jhapa_9	Human papillomavirus type 16 isolate Jhapa_9, complete genome	7906	complete	Nepal	Nepal	Homo sapiens	cervix	Makowsky,R., Lhaki,P., Wiener,H.W., Bhatta,M.P., Cullen,M., Johnson,D.C., Perry,R.T., Lama,M., Boland,J.F., Yeager,M., Ghimire,S., Broker,T.R., Shrestha,S.	1	2014	2017-10-10	dsDNA
KX947274	GenBank	Human papillomavirus type 16	Alphapapillomavirus 9		Jhapa3	Human papillomavirus type 16 isolate Jhapa3, complete genome	7906	complete	Nepal	Nepal	Homo sapiens	cervix	Makowsky,R., Lhaki,P., Wiener,H.W., Bhatta,M.P., Cullen,M., Johnson,D.C., Perry,R.T., Lama,M., Boland,J.F., Yeager,M., Ghimire,S., Broker,T.R., Shrestha,S.	1	2014	2017-10-10	dsDNA
KX947275	GenBank	Human papillomavirus type 16	Alphapapillomavirus 9		Jhapa_7	Human papillomavirus type 16 isolate Jhapa_7, complete genome	7906	complete	Nepal	Nepal	Homo sapiens	cervix	Makowsky,R., Lhaki,P., Wiener,H.W., Bhatta,M.P., Cullen,M., Johnson,D.C., Perry,R.T., Lama,M., Boland,J.F., Yeager,M., Ghimire,S., Broker,T.R., Shrestha,S.	1	2014	2017-10-10	dsDNA
KX947276	GenBank	Human papillomavirus type 16	Alphapapillomavirus 9		Jhapa_1	Human papillomavirus type 16 isolate Jhapa_1, complete genome	7906	complete	Nepal	Nepal	Homo sapiens	cervix	Makowsky,R., Lhaki,P., Wiener,H.W., Bhatta,M.P., Cullen,M., Johnson,D.C., Perry,R.T., Lama,M., Boland,J.F., Yeager,M., Ghimire,S., Broker,T.R., Shrestha,S.	1	2014	2017-10-10	dsDNA
KX947277	GenBank	Human papillomavirus type 16	Alphapapillomavirus 9		Jhapa_6	Human papillomavirus type 16 isolate Jhapa_6, complete genome	7906	complete	Nepal	Nepal	Homo sapiens	cervix	Makowsky,R., Lhaki,P., Wiener,H.W., Bhatta,M.P., Cullen,M., Johnson,D.C., Perry,R.T., Lama,M., Boland,J.F., Yeager,M., Ghimire,S., Broker,T.R., Shrestha,S.	1	2014	2017-10-10	dsDNA
KX947278	GenBank	Human papillomavirus type 16	Alphapapillomavirus 9		Jhapa_10	Human papillomavirus type 16 isolate Jhapa_10, complete genome	7906	complete	Nepal	Nepal	Homo sapiens	cervix	Makowsky,R., Lhaki,P., Wiener,H.W., Bhatta,M.P., Cullen,M., Johnson,D.C., Perry,R.T., Lama,M., Boland,J.F., Yeager,M., Ghimire,S., Broker,T.R., Shrestha,S.	1	2014	2017-10-10	dsDNA
KX947279	GenBank	Human papillomavirus type 16	Alphapapillomavirus 9		Jhapa_2	Human papillomavirus type 16 isolate Jhapa_2, complete genome	7906	complete	Nepal	Nepal	Homo sapiens	cervix	Makowsky,R., Lhaki,P., Wiener,H.W., Bhatta,M.P., Cullen,M., Johnson,D.C., Perry,R.T., Lama,M., Boland,J.F., Yeager,M., Ghimire,S., Broker,T.R., Shrestha,S.	1	2014	2017-10-10	dsDNA
KX947280	GenBank	Human papillomavirus type 16	Alphapapillomavirus 9		Jhapa_5	Human papillomavirus type 16 isolate Jhapa_5, complete genome	7906	complete	Nepal	Nepal	Homo sapiens	cervix	Makowsky,R., Lhaki,P., Wiener,H.W., Bhatta,M.P., Cullen,M., Johnson,D.C., Perry,R.T., Lama,M., Boland,J.F., Yeager,M., Ghimire,S., Broker,T.R., Shrestha,S.	1	2014	2017-10-10	dsDNA
KX947281	GenBank	Human papillomavirus type 16	Alphapapillomavirus 9		Jhapa_12	Human papillomavirus type 16 isolate Jhapa_12, complete genome	7906	complete	Nepal	Nepal	Homo sapiens	cervix	Makowsky,R., Lhaki,P., Wiener,H.W., Bhatta,M.P., Cullen,M., Johnson,D.C., Perry,R.T., Lama,M., Boland,J.F., Yeager,M., Ghimire,S., Broker,T.R., Shrestha,S.	1	2014	2017-10-10	dsDNA
KX947282	GenBank	Human papillomavirus type 16	Alphapapillomavirus 9		Jhapa_4	Human papillomavirus type 16 isolate Jhapa_4, complete genome	7906	complete	Nepal	Nepal	Homo sapiens	cervix	Makowsky,R., Lhaki,P., Wiener,H.W., Bhatta,M.P., Cullen,M., Johnson,D.C., Perry,R.T., Lama,M., Boland,J.F., Yeager,M., Ghimire,S., Broker,T.R., Shrestha,S.	1	2014	2017-10-10	dsDNA
KX947283	GenBank	Human papillomavirus type 16	Alphapapillomavirus 9		Jhapa_11	Human papillomavirus type 16 isolate Jhapa_11, complete genome	7906	complete	Nepal	Nepal	Homo sapiens	cervix	Makowsky,R., Lhaki,P., Wiener,H.W., Bhatta,M.P., Cullen,M., Johnson,D.C., Perry,R.T., Lama,M., Boland,J.F., Yeager,M., Ghimire,S., Broker,T.R., Shrestha,S.	1	2014	2017-10-10	dsDNA
KX947284	GenBank	Human papillomavirus type 16	Alphapapillomavirus 9		Achham_2	Human papillomavirus type 16 isolate Achham_2, complete genome	7906	complete	Nepal	Nepal	Homo sapiens	cervix	Makowsky,R., Lhaki,P., Wiener,H.W., Bhatta,M.P., Cullen,M., Johnson,D.C., Perry,R.T., Lama,M., Boland,J.F., Yeager,M., Ghimire,S., Broker,T.R., Shrestha,S.	1	2014	2017-10-10	dsDNA
KX947285	GenBank	Human papillomavirus type 16	Alphapapillomavirus 9		Achham_3	Human papillomavirus type 16 isolate Achham_3, complete genome	7906	complete	Nepal	Nepal	Homo sapiens	cervix	Makowsky,R., Lhaki,P., Wiener,H.W., Bhatta,M.P., Cullen,M., Johnson,D.C., Perry,R.T., Lama,M., Boland,J.F., Yeager,M., Ghimire,S., Broker,T.R., Shrestha,S.	1	2014	2017-10-10	dsDNA
KY549156	GenBank	Human papillomavirus type 16	Alphapapillomavirus 9		1042900NP	Human papillomavirus type 16 isolate 1042900NP, complete genome	7905	complete	Netherlands	Netherlands	Homo sapiens		van der Weele,P., Meijer,C.J.L.M., King,A.J.		2008	2017-07-11	dsDNA
KY549157	GenBank	Human papillomavirus type 16	Alphapapillomavirus 9		1054713NP	Human papillomavirus type 16 isolate 1054713NP, complete genome	7905	complete	Netherlands	Netherlands	Homo sapiens		van der Weele,P., Meijer,C.J.L.M., King,A.J.		2008	2017-07-11	dsDNA
KY549158	GenBank	Human papillomavirus type 16	Alphapapillomavirus 9		1054802NP	Human papillomavirus type 16 isolate 1054802NP, complete genome	7905	complete	Netherlands	Netherlands	Homo sapiens		van der Weele,P., Meijer,C.J.L.M., King,A.J.		2008	2017-07-11	dsDNA
KY549159	GenBank	Human papillomavirus type 16	Alphapapillomavirus 9		1058255NP	Human papillomavirus type 16 isolate 1058255NP, complete genome	7905	complete	Netherlands	Netherlands	Homo sapiens		van der Weele,P., Meijer,C.J.L.M., King,A.J.		2008	2017-07-11	dsDNA
KY549160	GenBank	Human papillomavirus type 16	Alphapapillomavirus 9		1058629R1PR2FAIL	Human papillomavirus type 16 isolate 1058629R1PR2FAIL, complete genome	7910	complete	Netherlands	Netherlands	Homo sapiens		van der Weele,P., Meijer,C.J.L.M., King,A.J.		2008	2017-07-11	dsDNA
KY549161	GenBank	Human papillomavirus type 16	Alphapapillomavirus 9		1061574NP	Human papillomavirus type 16 isolate 1061574NP, complete genome	7906	complete	Netherlands	Netherlands	Homo sapiens		van der Weele,P., Meijer,C.J.L.M., King,A.J.		2008	2017-07-11	dsDNA
KY549162	GenBank	Human papillomavirus type 16	Alphapapillomavirus 9		1062372NP	Human papillomavirus type 16 isolate 1062372NP, complete genome	7905	complete	Netherlands	Netherlands	Homo sapiens		van der Weele,P., Meijer,C.J.L.M., King,A.J.		2008	2017-07-11	dsDNA
KY549163	GenBank	Human papillomavirus type 16	Alphapapillomavirus 9		1062503R1PR3FAIL	Human papillomavirus type 16 isolate 1062503R1PR3FAIL, complete genome	7905	complete	Netherlands	Netherlands	Homo sapiens		van der Weele,P., Meijer,C.J.L.M., King,A.J.		2008	2017-07-11	dsDNA
KY549164	GenBank	Human papillomavirus type 16	Alphapapillomavirus 9		1068731NP	Human papillomavirus type 16 isolate 1068731NP, complete genome	7910	complete	Netherlands	Netherlands	Homo sapiens		van der Weele,P., Meijer,C.J.L.M., King,A.J.		2008	2017-07-11	dsDNA
KY549165	GenBank	Human papillomavirus type 16	Alphapapillomavirus 9		1072711R1PR2FAIL	Human papillomavirus type 16 isolate 1072711R1PR2FAIL, complete genome	7905	complete	Netherlands	Netherlands	Homo sapiens		van der Weele,P., Meijer,C.J.L.M., King,A.J.		2008	2017-07-11	dsDNA
KY549166	GenBank	Human papillomavirus type 16	Alphapapillomavirus 9		1077670NP	Human papillomavirus type 16 isolate 1077670NP, complete genome	7973	complete	Netherlands	Netherlands	Homo sapiens		van der Weele,P., Meijer,C.J.L.M., King,A.J.		2008	2017-07-11	dsDNA
KY549167	GenBank	Human papillomavirus type 16	Alphapapillomavirus 9		1085558R1PR2FAIL	Human papillomavirus type 16 isolate 1085558R1PR2FAIL, complete genome	7909	complete	Netherlands	Netherlands	Homo sapiens		van der Weele,P., Meijer,C.J.L.M., King,A.J.		2008	2017-07-11	dsDNA
KY549168	GenBank	Human papillomavirus type 16	Alphapapillomavirus 9		1090845NP	Human papillomavirus type 16 isolate 1090845NP, complete genome	7905	complete	Netherlands	Netherlands	Homo sapiens		van der Weele,P., Meijer,C.J.L.M., King,A.J.		2008	2017-07-11	dsDNA
KY549169	GenBank	Human papillomavirus type 16	Alphapapillomavirus 9		1116763NP	Human papillomavirus type 16 isolate 1116763NP, complete genome	7905	complete	Netherlands	Netherlands	Homo sapiens		van der Weele,P., Meijer,C.J.L.M., King,A.J.		2008	2017-07-11	dsDNA
KY549170	GenBank	Human papillomavirus type 16	Alphapapillomavirus 9		1126083NP	Human papillomavirus type 16 isolate 1126083NP, complete genome	7905	complete	Netherlands	Netherlands	Homo sapiens		van der Weele,P., Meijer,C.J.L.M., King,A.J.		2008	2017-07-11	dsDNA
KY549171	GenBank	Human papillomavirus type 16	Alphapapillomavirus 9		1127291NP	Human papillomavirus type 16 isolate 1127291NP, complete genome	7908	complete	Netherlands	Netherlands	Homo sapiens		van der Weele,P., Meijer,C.J.L.M., King,A.J.		2008	2017-07-11	dsDNA
KY549172	GenBank	Human papillomavirus type 16	Alphapapillomavirus 9		1130420NP	Human papillomavirus type 16 isolate 1130420NP, complete genome	7907	complete	Netherlands	Netherlands	Homo sapiens		van der Weele,P., Meijer,C.J.L.M., King,A.J.		2008	2017-07-11	dsDNA
KY549173	GenBank	Human papillomavirus type 16	Alphapapillomavirus 9		1138711R1PR2FAIL	Human papillomavirus type 16 isolate 1138711R1PR2FAIL, complete genome	7905	complete	Netherlands	Netherlands	Homo sapiens		van der Weele,P., Meijer,C.J.L.M., King,A.J.		2008	2017-07-11	dsDNA
KY549174	GenBank	Human papillomavirus type 16	Alphapapillomavirus 9		1153831NP	Human papillomavirus type 16 isolate 1153831NP, complete genome	7905	complete	Netherlands	Netherlands	Homo sapiens		van der Weele,P., Meijer,C.J.L.M., King,A.J.		2008	2017-07-11	dsDNA
KY549175	GenBank	Human papillomavirus type 16	Alphapapillomavirus 9		1154073R1PR2FAIL	Human papillomavirus type 16 isolate 1154073R1PR2FAIL, complete genome	7906	complete	Netherlands	Netherlands	Homo sapiens		van der Weele,P., Meijer,C.J.L.M., King,A.J.		2008	2017-07-11	dsDNA
KY549176	GenBank	Human papillomavirus type 16	Alphapapillomavirus 9		1158519NP	Human papillomavirus type 16 isolate 1158519NP, complete genome	7905	complete	Netherlands	Netherlands	Homo sapiens		van der Weele,P., Meijer,C.J.L.M., King,A.J.		2008	2017-07-11	dsDNA
KY549177	GenBank	Human papillomavirus type 16	Alphapapillomavirus 9		1161111R1PR2FAIL	Human papillomavirus type 16 isolate 1161111R1PR2FAIL, complete genome	7906	complete	Netherlands	Netherlands	Homo sapiens		van der Weele,P., Meijer,C.J.L.M., King,A.J.		2008	2017-07-11	dsDNA
KY549178	GenBank	Human papillomavirus type 16	Alphapapillomavirus 9		1170018R1PR2FAIL	Human papillomavirus type 16 isolate 1170018R1PR2FAIL, complete genome	7906	complete	Netherlands	Netherlands	Homo sapiens		van der Weele,P., Meijer,C.J.L.M., King,A.J.		2008	2017-07-11	dsDNA
KY549179	GenBank	Human papillomavirus type 16	Alphapapillomavirus 9		1175905NP	Human papillomavirus type 16 isolate 1175905NP, complete genome	7905	complete	Netherlands	Netherlands	Homo sapiens		van der Weele,P., Meijer,C.J.L.M., King,A.J.		2008	2017-07-11	dsDNA
KY549180	GenBank	Human papillomavirus type 16	Alphapapillomavirus 9		1176093NP	Human papillomavirus type 16 isolate 1176093NP, complete genome	7906	complete	Netherlands	Netherlands	Homo sapiens		van der Weele,P., Meijer,C.J.L.M., King,A.J.		2008	2017-07-11	dsDNA
KY549181	GenBank	Human papillomavirus type 16	Alphapapillomavirus 9		1176301NP	Human papillomavirus type 16 isolate 1176301NP, complete genome	7905	complete	Netherlands	Netherlands	Homo sapiens		van der Weele,P., Meijer,C.J.L.M., King,A.J.		2008	2017-07-11	dsDNA
KY549182	GenBank	Human papillomavirus type 16	Alphapapillomavirus 9		1176700NP	Human papillomavirus type 16 isolate 1176700NP, complete genome	7906	complete	Netherlands	Netherlands	Homo sapiens		van der Weele,P., Meijer,C.J.L.M., King,A.J.		2008	2017-07-11	dsDNA
KY549183	GenBank	Human papillomavirus type 16	Alphapapillomavirus 9		1189035NP	Human papillomavirus type 16 isolate 1189035NP, complete genome	7907	complete	Netherlands	Netherlands	Homo sapiens		van der Weele,P., Meijer,C.J.L.M., King,A.J.		2008	2017-07-11	dsDNA
KY549184	GenBank	Human papillomavirus type 16	Alphapapillomavirus 9		1192121R1PR2FAIL	Human papillomavirus type 16 isolate 1192121R1PR2FAIL, complete genome	7907	complete	Netherlands	Netherlands	Homo sapiens		van der Weele,P., Meijer,C.J.L.M., King,A.J.		2008	2017-07-11	dsDNA
KY549185	GenBank	Human papillomavirus type 16	Alphapapillomavirus 9		1192224R1PR2FAIL	Human papillomavirus type 16 isolate 1192224R1PR2FAIL, complete genome	7907	complete	Netherlands	Netherlands	Homo sapiens		van der Weele,P., Meijer,C.J.L.M., King,A.J.		2008	2017-07-11	dsDNA
KY549186	GenBank	Human papillomavirus type 16	Alphapapillomavirus 9		1198397NP	Human papillomavirus type 16 isolate 1198397NP, complete genome	7905	complete	Netherlands	Netherlands	Homo sapiens		van der Weele,P., Meijer,C.J.L.M., King,A.J.		2008	2017-07-11	dsDNA
KY549187	GenBank	Human papillomavirus type 16	Alphapapillomavirus 9		1201130NP	Human papillomavirus type 16 isolate 1201130NP, complete genome	7906	complete	Netherlands	Netherlands	Homo sapiens		van der Weele,P., Meijer,C.J.L.M., King,A.J.		2008	2017-07-11	dsDNA
KY549188	GenBank	Human papillomavirus type 16	Alphapapillomavirus 9		1208835NP	Human papillomavirus type 16 isolate 1208835NP, complete genome	7906	complete	Netherlands	Netherlands	Homo sapiens		van der Weele,P., Meijer,C.J.L.M., King,A.J.		2008	2017-07-11	dsDNA
KY549189	GenBank	Human papillomavirus type 16	Alphapapillomavirus 9		1239889NP	Human papillomavirus type 16 isolate 1239889NP, complete genome	7906	complete	Netherlands	Netherlands	Homo sapiens		van der Weele,P., Meijer,C.J.L.M., King,A.J.		2008	2017-07-11	dsDNA
KY549190	GenBank	Human papillomavirus type 16	Alphapapillomavirus 9		1245773NP	Human papillomavirus type 16 isolate 1245773NP, complete genome	7906	complete	Netherlands	Netherlands	Homo sapiens		van der Weele,P., Meijer,C.J.L.M., King,A.J.		2008	2017-07-11	dsDNA
KY549191	GenBank	Human papillomavirus type 16	Alphapapillomavirus 9		1279035NP	Human papillomavirus type 16 isolate 1279035NP, complete genome	7907	complete	Netherlands	Netherlands	Homo sapiens		van der Weele,P., Meijer,C.J.L.M., King,A.J.		2008	2017-07-11	dsDNA
KY549192	GenBank	Human papillomavirus type 16	Alphapapillomavirus 9		1307463NP	Human papillomavirus type 16 isolate 1307463NP, complete genome	7905	complete	Netherlands	Netherlands	Homo sapiens		van der Weele,P., Meijer,C.J.L.M., King,A.J.		2008	2017-07-11	dsDNA
KY549193	GenBank	Human papillomavirus type 16	Alphapapillomavirus 9		1310831NP	Human papillomavirus type 16 isolate 1310831NP, complete genome	7906	complete	Netherlands	Netherlands	Homo sapiens		van der Weele,P., Meijer,C.J.L.M., King,A.J.		2008	2017-07-11	dsDNA
KY549194	GenBank	Human papillomavirus type 16	Alphapapillomavirus 9		1313601NP	Human papillomavirus type 16 isolate 1313601NP, complete genome	7906	complete	Netherlands	Netherlands	Homo sapiens		van der Weele,P., Meijer,C.J.L.M., King,A.J.		2008	2017-07-11	dsDNA
KY549195	GenBank	Human papillomavirus type 16	Alphapapillomavirus 9		1313892NP	Human papillomavirus type 16 isolate 1313892NP, complete genome	7905	complete	Netherlands	Netherlands	Homo sapiens		van der Weele,P., Meijer,C.J.L.M., King,A.J.		2008	2017-07-11	dsDNA
KY549196	GenBank	Human papillomavirus type 16	Alphapapillomavirus 9		1321672NP	Human papillomavirus type 16 isolate 1321672NP, complete genome	7907	complete	Netherlands	Netherlands	Homo sapiens		van der Weele,P., Meijer,C.J.L.M., King,A.J.		2008	2017-07-11	dsDNA
KY549197	GenBank	Human papillomavirus type 16	Alphapapillomavirus 9		1322013NP	Human papillomavirus type 16 isolate 1322013NP, complete genome	7905	complete	Netherlands	Netherlands	Homo sapiens		van der Weele,P., Meijer,C.J.L.M., King,A.J.		2008	2017-07-11	dsDNA
KY549198	GenBank	Human papillomavirus type 16	Alphapapillomavirus 9		1335456NP	Human papillomavirus type 16 isolate 1335456NP, complete genome	7906	complete	Netherlands	Netherlands	Homo sapiens		van der Weele,P., Meijer,C.J.L.M., King,A.J.		2008	2017-07-11	dsDNA
KY549199	GenBank	Human papillomavirus type 16	Alphapapillomavirus 9		1353304NP	Human papillomavirus type 16 isolate 1353304NP, complete genome	7906	complete	Netherlands	Netherlands	Homo sapiens		van der Weele,P., Meijer,C.J.L.M., King,A.J.		2008	2017-07-11	dsDNA
KY549200	GenBank	Human papillomavirus type 16	Alphapapillomavirus 9		1384325R1PR3FAIL	Human papillomavirus type 16 isolate 1384325R1PR3FAIL, complete genome	7973	complete	Netherlands	Netherlands	Homo sapiens		van der Weele,P., Meijer,C.J.L.M., King,A.J.		2008	2017-07-11	dsDNA
KY549201	GenBank	Human papillomavirus type 16	Alphapapillomavirus 9		1398125R1PR2FAIL	Human papillomavirus type 16 isolate 1398125R1PR2FAIL, complete genome	7906	complete	Netherlands	Netherlands	Homo sapiens		van der Weele,P., Meijer,C.J.L.M., King,A.J.		2008	2017-07-11	dsDNA
KY549202	GenBank	Human papillomavirus type 16	Alphapapillomavirus 9		1416319R2PR1FAIL	Human papillomavirus type 16 isolate 1416319R2PR1FAIL, complete genome	7906	complete	Netherlands	Netherlands	Homo sapiens		van der Weele,P., Meijer,C.J.L.M., King,A.J.		2009	2017-07-11	dsDNA
KY549203	GenBank	Human papillomavirus type 16	Alphapapillomavirus 9		1422568NP	Human papillomavirus type 16 isolate 1422568NP, complete genome	7906	complete	Netherlands	Netherlands	Homo sapiens		van der Weele,P., Meijer,C.J.L.M., King,A.J.		2009	2017-07-11	dsDNA
KY549204	GenBank	Human papillomavirus type 16	Alphapapillomavirus 9		1428806NP	Human papillomavirus type 16 isolate 1428806NP, complete genome	7905	complete	Netherlands	Netherlands	Homo sapiens		van der Weele,P., Meijer,C.J.L.M., King,A.J.		2009	2017-07-11	dsDNA
KY549205	GenBank	Human papillomavirus type 16	Alphapapillomavirus 9		1442619NP	Human papillomavirus type 16 isolate 1442619NP, complete genome	7906	complete	Netherlands	Netherlands	Homo sapiens		van der Weele,P., Meijer,C.J.L.M., King,A.J.		2009	2017-07-11	dsDNA
KY549206	GenBank	Human papillomavirus type 16	Alphapapillomavirus 9		1447273R2PR1FAIL	Human papillomavirus type 16 isolate 1447273R2PR1FAIL, complete genome	7908	complete	Netherlands	Netherlands	Homo sapiens		van der Weele,P., Meijer,C.J.L.M., King,A.J.		2009	2017-07-11	dsDNA
KY549207	GenBank	Human papillomavirus type 16	Alphapapillomavirus 9		1494573NP	Human papillomavirus type 16 isolate 1494573NP, complete genome	7907	complete	Netherlands	Netherlands	Homo sapiens		van der Weele,P., Meijer,C.J.L.M., King,A.J.		2009	2017-07-11	dsDNA
KY549208	GenBank	Human papillomavirus type 16	Alphapapillomavirus 9		1516155NP	Human papillomavirus type 16 isolate 1516155NP, complete genome	7908	complete	Netherlands	Netherlands	Homo sapiens		van der Weele,P., Meijer,C.J.L.M., King,A.J.		2009	2017-07-11	dsDNA
KY549209	GenBank	Human papillomavirus type 16	Alphapapillomavirus 9		1532400NP	Human papillomavirus type 16 isolate 1532400NP, complete genome	7904	complete	Netherlands	Netherlands	Homo sapiens		van der Weele,P., Meijer,C.J.L.M., King,A.J.		2009	2017-07-11	dsDNA
KY549210	GenBank	Human papillomavirus type 16	Alphapapillomavirus 9		1532619NP	Human papillomavirus type 16 isolate 1532619NP, complete genome	7904	complete	Netherlands	Netherlands	Homo sapiens		van der Weele,P., Meijer,C.J.L.M., King,A.J.		2009	2017-07-11	dsDNA
KY549211	GenBank	Human papillomavirus type 16	Alphapapillomavirus 9		1558432NP	Human papillomavirus type 16 isolate 1558432NP, complete genome	7973	complete	Netherlands	Netherlands	Homo sapiens		van der Weele,P., Meijer,C.J.L.M., King,A.J.		2009	2017-07-11	dsDNA
KY549212	GenBank	Human papillomavirus type 16	Alphapapillomavirus 9		1581449NP	Human papillomavirus type 16 isolate 1581449NP, complete genome	7904	complete	Netherlands	Netherlands	Homo sapiens		van der Weele,P., Meijer,C.J.L.M., King,A.J.		2009	2017-07-11	dsDNA
KY549213	GenBank	Human papillomavirus type 16	Alphapapillomavirus 9		1591545NP	Human papillomavirus type 16 isolate 1591545NP, complete genome	7907	complete	Netherlands	Netherlands	Homo sapiens		van der Weele,P., Meijer,C.J.L.M., King,A.J.		2009	2017-07-11	dsDNA
KY549214	GenBank	Human papillomavirus type 16	Alphapapillomavirus 9		1607549NP	Human papillomavirus type 16 isolate 1607549NP, complete genome	7906	complete	Netherlands	Netherlands	Homo sapiens		van der Weele,P., Meijer,C.J.L.M., King,A.J.		2009	2017-07-11	dsDNA
KY549215	GenBank	Human papillomavirus type 16	Alphapapillomavirus 9		1609029NP	Human papillomavirus type 16 isolate 1609029NP, complete genome	7906	complete	Netherlands	Netherlands	Homo sapiens		van der Weele,P., Meijer,C.J.L.M., King,A.J.		2009	2017-07-11	dsDNA
KY549216	GenBank	Human papillomavirus type 16	Alphapapillomavirus 9		1610207NP	Human papillomavirus type 16 isolate 1610207NP, complete genome	7906	complete	Netherlands	Netherlands	Homo sapiens		van der Weele,P., Meijer,C.J.L.M., King,A.J.		2009	2017-07-11	dsDNA
KY549217	GenBank	Human papillomavirus type 16	Alphapapillomavirus 9		1614408NP	Human papillomavirus type 16 isolate 1614408NP, complete genome	7905	complete	Netherlands	Netherlands	Homo sapiens		van der Weele,P., Meijer,C.J.L.M., King,A.J.		2009	2017-07-11	dsDNA
KY549218	GenBank	Human papillomavirus type 16	Alphapapillomavirus 9		1614800NP	Human papillomavirus type 16 isolate 1614800NP, complete genome	7905	complete	Netherlands	Netherlands	Homo sapiens		van der Weele,P., Meijer,C.J.L.M., King,A.J.		2009	2017-07-11	dsDNA
KY549219	GenBank	Human papillomavirus type 16	Alphapapillomavirus 9		1771161R3PR4FAIL	Human papillomavirus type 16 isolate 1771161R3PR4FAIL, complete genome	7907	complete	Netherlands	Netherlands	Homo sapiens		van der Weele,P., Meijer,C.J.L.M., King,A.J.		2010	2017-07-11	dsDNA
KY549220	GenBank	Human papillomavirus type 16	Alphapapillomavirus 9		1832526R3PR4FAIL	Human papillomavirus type 16 isolate 1832526R3PR4FAIL, complete genome	7907	complete	Netherlands	Netherlands	Homo sapiens		van der Weele,P., Meijer,C.J.L.M., King,A.J.		2010	2017-07-11	dsDNA
KY549221	GenBank	Human papillomavirus type 16	Alphapapillomavirus 9		1988232R2PR1FAIL	Human papillomavirus type 16 isolate 1988232R2PR1FAIL, complete genome	7911	complete	Netherlands	Netherlands	Homo sapiens		van der Weele,P., Meijer,C.J.L.M., King,A.J.		2010	2017-07-11	dsDNA
KY549222	GenBank	Human papillomavirus type 16	Alphapapillomavirus 9		C300172R21616290(0w)	Human papillomavirus type 16 isolate C300172R21616290(0w), complete genome	7908	complete	Netherlands	Netherlands	Homo sapiens		van der Weele,P., Meijer,C.J.L.M., King,A.J.		2009	2017-07-11	dsDNA
KY549223	GenBank	Human papillomavirus type 16	Alphapapillomavirus 9		C300172R31948247(50w)	Human papillomavirus type 16 isolate C300172R31948247(50w), complete genome	7908	complete	Netherlands	Netherlands	Homo sapiens		van der Weele,P., Meijer,C.J.L.M., King,A.J.		2010	2017-07-11	dsDNA
KY549224	GenBank	Human papillomavirus type 16	Alphapapillomavirus 9		C318062R11187724(0w)	Human papillomavirus type 16 isolate C318062R11187724(0w), complete genome	7974	complete	Netherlands	Netherlands	Homo sapiens		van der Weele,P., Meijer,C.J.L.M., King,A.J.		2008	2017-07-11	dsDNA
KY549225	GenBank	Human papillomavirus type 16	Alphapapillomavirus 9		C318062R21571016(48w)	Human papillomavirus type 16 isolate C318062R21571016(48w), complete genome	7974	complete	Netherlands	Netherlands	Homo sapiens		van der Weele,P., Meijer,C.J.L.M., King,A.J.		2009	2017-07-11	dsDNA
KY549226	GenBank	Human papillomavirus type 16	Alphapapillomavirus 9		C318521R11312448(0w)	Human papillomavirus type 16 isolate C318521R11312448(0w), complete genome	7906	complete	Netherlands	Netherlands	Homo sapiens		van der Weele,P., Meijer,C.J.L.M., King,A.J.		2008	2017-07-11	dsDNA
KY549227	GenBank	Human papillomavirus type 16	Alphapapillomavirus 9		C318521R21620708(52w)	Human papillomavirus type 16 isolate C318521R21620708(52w), complete genome	7906	complete	Netherlands	Netherlands	Homo sapiens		van der Weele,P., Meijer,C.J.L.M., King,A.J.		2009	2017-07-11	dsDNA
KY549228	GenBank	Human papillomavirus type 16	Alphapapillomavirus 9		C340223R11176258(0w)	Human papillomavirus type 16 isolate C340223R11176258(0w), complete genome	7906	complete	Netherlands	Netherlands	Homo sapiens		van der Weele,P., Meijer,C.J.L.M., King,A.J.		2008	2017-07-11	dsDNA
KY549229	GenBank	Human papillomavirus type 16	Alphapapillomavirus 9		C340223R21560434(48w)	Human papillomavirus type 16 isolate C340223R21560434(48w), complete genome	7906	complete	Netherlands	Netherlands	Homo sapiens		van der Weele,P., Meijer,C.J.L.M., King,A.J.		2009	2017-07-11	dsDNA
KY549230	GenBank	Human papillomavirus type 16	Alphapapillomavirus 9		C340223R31892668(99w)	Human papillomavirus type 16 isolate C340223R31892668(99w), complete genome	7906	complete	Netherlands	Netherlands	Homo sapiens		van der Weele,P., Meijer,C.J.L.M., King,A.J.		2010	2017-07-11	dsDNA
KY549231	GenBank	Human papillomavirus type 16	Alphapapillomavirus 9		C341786R11102479NP	Human papillomavirus type 16 isolate C341786R11102479NP, complete genome	7902	complete	Netherlands	Netherlands	Homo sapiens		van der Weele,P., Meijer,C.J.L.M., King,A.J.		2008	2017-07-11	dsDNA
KY549232	GenBank	Human papillomavirus type 16	Alphapapillomavirus 9		C383414R11313345(0w)	Human papillomavirus type 16 isolate C383414R11313345(0w), complete genome	7906	complete	Netherlands	Netherlands	Homo sapiens		van der Weele,P., Meijer,C.J.L.M., King,A.J.		2008	2017-07-11	dsDNA
KY549233	GenBank	Human papillomavirus type 16	Alphapapillomavirus 9		C383414R21621479(44w)	Human papillomavirus type 16 isolate C383414R21621479(44w), complete genome	7906	complete	Netherlands	Netherlands	Homo sapiens		van der Weele,P., Meijer,C.J.L.M., King,A.J.		2009	2017-07-11	dsDNA
KY549234	GenBank	Human papillomavirus type 16	Alphapapillomavirus 9		C394530R21527758(0w)	Human papillomavirus type 16 isolate C394530R21527758(0w), complete genome	7909	complete	Netherlands	Netherlands	Homo sapiens		van der Weele,P., Meijer,C.J.L.M., King,A.J.		2009	2017-07-11	dsDNA
KY549235	GenBank	Human papillomavirus type 16	Alphapapillomavirus 9		C394530R31860341(44w)	Human papillomavirus type 16 isolate C394530R31860341(44w), complete genome	7909	complete	Netherlands	Netherlands	Homo sapiens		van der Weele,P., Meijer,C.J.L.M., King,A.J.		2010	2017-07-11	dsDNA
KY549236	GenBank	Human papillomavirus type 16	Alphapapillomavirus 9		C394530R42211196(95w)	Human papillomavirus type 16 isolate C394530R42211196(95w), complete genome	7909	complete	Netherlands	Netherlands	Homo sapiens		van der Weele,P., Meijer,C.J.L.M., King,A.J.		2011	2017-07-11	dsDNA
KY549237	GenBank	Human papillomavirus type 16	Alphapapillomavirus 9		C394960R11057090P(0w)	Human papillomavirus type 16 isolate C394960R11057090P(0w), complete genome	7905	complete	Netherlands	Netherlands	Homo sapiens		van der Weele,P., Meijer,C.J.L.M., King,A.J.		2008	2017-07-11	dsDNA
KY549238	GenBank	Human papillomavirus type 16	Alphapapillomavirus 9		C394960R31902098P(126w)	Human papillomavirus type 16 isolate C394960R31902098P(126w), complete genome	7905	complete	Netherlands	Netherlands	Homo sapiens		van der Weele,P., Meijer,C.J.L.M., King,A.J.		2010	2017-07-11	dsDNA
KY549239	GenBank	Human papillomavirus type 16	Alphapapillomavirus 9		C395529R11133216(0w)	Human papillomavirus type 16 isolate C395529R11133216(0w), complete genome	7905	complete	Netherlands	Netherlands	Homo sapiens		van der Weele,P., Meijer,C.J.L.M., King,A.J.		2008	2017-07-11	dsDNA
KY549240	GenBank	Human papillomavirus type 16	Alphapapillomavirus 9		C395529R21521078(48w)	Human papillomavirus type 16 isolate C395529R21521078(48w), complete genome	7905	complete	Netherlands	Netherlands	Homo sapiens		van der Weele,P., Meijer,C.J.L.M., King,A.J.		2009	2017-07-11	dsDNA
KY549241	GenBank	Human papillomavirus type 16	Alphapapillomavirus 9		C397197R11155259P(0w)	Human papillomavirus type 16 isolate C397197R11155259P(0w), complete genome	7906	complete	Netherlands	Netherlands	Homo sapiens		van der Weele,P., Meijer,C.J.L.M., King,A.J.		2008	2017-07-11	dsDNA
KY549242	GenBank	Human papillomavirus type 16	Alphapapillomavirus 9		C397197R31876201P(100w)	Human papillomavirus type 16 isolate C397197R31876201P(100w), complete genome	7906	complete	Netherlands	Netherlands	Homo sapiens		van der Weele,P., Meijer,C.J.L.M., King,A.J.		2010	2017-07-11	dsDNA
KY549243	GenBank	Human papillomavirus type 16	Alphapapillomavirus 9		C399098R11197862NP	Human papillomavirus type 16 isolate C399098R11197862NP, complete genome	7905	complete	Netherlands	Netherlands	Homo sapiens		van der Weele,P., Meijer,C.J.L.M., King,A.J.		2008	2017-07-11	dsDNA
KY549244	GenBank	Human papillomavirus type 16	Alphapapillomavirus 9		C399369R11057132(0w)	Human papillomavirus type 16 isolate C399369R11057132(0w), complete genome	7906	complete	Netherlands	Netherlands	Homo sapiens		van der Weele,P., Meijer,C.J.L.M., King,A.J.		2008	2017-07-11	dsDNA
KY549245	GenBank	Human papillomavirus type 16	Alphapapillomavirus 9		C399369R21417486(55w)	Human papillomavirus type 16 isolate C399369R21417486(55w), complete genome	7906	complete	Netherlands	Netherlands	Homo sapiens		van der Weele,P., Meijer,C.J.L.M., King,A.J.		2009	2017-07-11	dsDNA
KY549246	GenBank	Human papillomavirus type 16	Alphapapillomavirus 9		C405006R11089716(0w)	Human papillomavirus type 16 isolate C405006R11089716(0w), complete genome	7973	complete	Netherlands	Netherlands	Homo sapiens		van der Weele,P., Meijer,C.J.L.M., King,A.J.		2008	2017-07-11	dsDNA
KY549247	GenBank	Human papillomavirus type 16	Alphapapillomavirus 9		C405006R31787475(88w)	Human papillomavirus type 16 isolate C405006R31787475(88w), complete genome	7973	complete	Netherlands	Netherlands	Homo sapiens		van der Weele,P., Meijer,C.J.L.M., King,A.J.		2010	2017-07-11	dsDNA
KY549248	GenBank	Human papillomavirus type 16	Alphapapillomavirus 9		C405006R42141816(136w)	Human papillomavirus type 16 isolate C405006R42141816(136w), complete genome	7973	complete	Netherlands	Netherlands	Homo sapiens		van der Weele,P., Meijer,C.J.L.M., King,A.J.		2011	2017-07-11	dsDNA
KY549249	GenBank	Human papillomavirus type 16	Alphapapillomavirus 9		C407219R11124384NP	Human papillomavirus type 16 isolate C407219R11124384NP, complete genome	7906	complete	Netherlands	Netherlands	Homo sapiens		van der Weele,P., Meijer,C.J.L.M., King,A.J.		2008	2017-07-11	dsDNA
KY549250	GenBank	Human papillomavirus type 16	Alphapapillomavirus 9		C407612R11084406(0w)	Human papillomavirus type 16 isolate C407612R11084406(0w), complete genome	7906	complete	Netherlands	Netherlands	Homo sapiens		van der Weele,P., Meijer,C.J.L.M., King,A.J.		2008	2017-07-11	dsDNA
KY549251	GenBank	Human papillomavirus type 16	Alphapapillomavirus 9		C407612R21443102(54w)	Human papillomavirus type 16 isolate C407612R21443102(54w), complete genome	7906	complete	Netherlands	Netherlands	Homo sapiens		van der Weele,P., Meijer,C.J.L.M., King,A.J.		2009	2017-07-11	dsDNA
KY549252	GenBank	Human papillomavirus type 16	Alphapapillomavirus 9		C407612R31783136(72w)	Human papillomavirus type 16 isolate C407612R31783136(72w), complete genome	7906	complete	Netherlands	Netherlands	Homo sapiens		van der Weele,P., Meijer,C.J.L.M., King,A.J.		2010	2017-07-11	dsDNA
KY549253	GenBank	Human papillomavirus type 16	Alphapapillomavirus 9		C412607R11241497(0w)	Human papillomavirus type 16 isolate C412607R11241497(0w), complete genome	7906	complete	Netherlands	Netherlands	Homo sapiens		van der Weele,P., Meijer,C.J.L.M., King,A.J.		2008	2017-07-11	dsDNA
KY549254	GenBank	Human papillomavirus type 16	Alphapapillomavirus 9		C412607R21595957(56w)	Human papillomavirus type 16 isolate C412607R21595957(56w), complete genome	7906	complete	Netherlands	Netherlands	Homo sapiens		van der Weele,P., Meijer,C.J.L.M., King,A.J.		2009	2017-07-11	dsDNA
KY549255	GenBank	Human papillomavirus type 16	Alphapapillomavirus 9		C419359R11349915(0w)	Human papillomavirus type 16 isolate C419359R11349915(0w), complete genome	7905	complete	Netherlands	Netherlands	Homo sapiens		van der Weele,P., Meijer,C.J.L.M., King,A.J.		2008	2017-07-11	dsDNA
KY549256	GenBank	Human papillomavirus type 16	Alphapapillomavirus 9		C419359R21654666(47w)	Human papillomavirus type 16 isolate C419359R21654666(47w), complete genome	7905	complete	Netherlands	Netherlands	Homo sapiens		van der Weele,P., Meijer,C.J.L.M., King,A.J.		2009	2017-07-11	dsDNA
KY549257	GenBank	Human papillomavirus type 16	Alphapapillomavirus 9		C420170R21622210(0w)	Human papillomavirus type 16 isolate C420170R21622210(0w), complete genome	7906	complete	Netherlands	Netherlands	Homo sapiens		van der Weele,P., Meijer,C.J.L.M., King,A.J.		2009	2017-07-11	dsDNA
KY549258	GenBank	Human papillomavirus type 16	Alphapapillomavirus 9		C420170R31951041(51w)	Human papillomavirus type 16 isolate C420170R31951041(51w), complete genome	7906	complete	Netherlands	Netherlands	Homo sapiens		van der Weele,P., Meijer,C.J.L.M., King,A.J.		2010	2017-07-11	dsDNA
KY549259	GenBank	Human papillomavirus type 16	Alphapapillomavirus 9		C421894R21540609(0w)	Human papillomavirus type 16 isolate C421894R21540609(0w), complete genome	7905	complete	Netherlands	Netherlands	Homo sapiens		van der Weele,P., Meijer,C.J.L.M., King,A.J.		2009	2017-07-11	dsDNA
KY549260	GenBank	Human papillomavirus type 16	Alphapapillomavirus 9		C421894R31868992(49w)	Human papillomavirus type 16 isolate C421894R31868992(49w), complete genome	7905	complete	Netherlands	Netherlands	Homo sapiens		van der Weele,P., Meijer,C.J.L.M., King,A.J.		2010	2017-07-11	dsDNA
KY549261	GenBank	Human papillomavirus type 16	Alphapapillomavirus 9		C422613R11081742NP	Human papillomavirus type 16 isolate C422613R11081742NP, complete genome	7906	complete	Netherlands	Netherlands	Homo sapiens		van der Weele,P., Meijer,C.J.L.M., King,A.J.		2008	2017-07-11	dsDNA
KY549262	GenBank	Human papillomavirus type 16	Alphapapillomavirus 9		C425046R11388626(0w)	Human papillomavirus type 16 isolate C425046R11388626(0w), complete genome	7904	complete	Netherlands	Netherlands	Homo sapiens		van der Weele,P., Meijer,C.J.L.M., King,A.J.		2008	2017-07-11	dsDNA
KY549263	GenBank	Human papillomavirus type 16	Alphapapillomavirus 9		C425046R21678154(54w)	Human papillomavirus type 16 isolate C425046R21678154(54w), complete genome	7904	complete	Netherlands	Netherlands	Homo sapiens		van der Weele,P., Meijer,C.J.L.M., King,A.J.		2009	2017-07-11	dsDNA
KY549264	GenBank	Human papillomavirus type 16	Alphapapillomavirus 9		C426841R11189396NP	Human papillomavirus type 16 isolate C426841R11189396NP, complete genome	7905	complete	Netherlands	Netherlands	Homo sapiens		van der Weele,P., Meijer,C.J.L.M., King,A.J.		2008	2017-07-11	dsDNA
KY549265	GenBank	Human papillomavirus type 16	Alphapapillomavirus 9		C429150R11310091(0w)	Human papillomavirus type 16 isolate C429150R11310091(0w), complete genome	7906	complete	Netherlands	Netherlands	Homo sapiens		van der Weele,P., Meijer,C.J.L.M., King,A.J.		2008	2017-07-11	dsDNA
KY549266	GenBank	Human papillomavirus type 16	Alphapapillomavirus 9		C429150R21614360(64w)	Human papillomavirus type 16 isolate C429150R21614360(64w), complete genome	7906	complete	Netherlands	Netherlands	Homo sapiens		van der Weele,P., Meijer,C.J.L.M., King,A.J.		2009	2017-07-11	dsDNA
KY549267	GenBank	Human papillomavirus type 16	Alphapapillomavirus 9		C432973R11329575(0w)	Human papillomavirus type 16 isolate C432973R11329575(0w), complete genome	7906	complete	Netherlands	Netherlands	Homo sapiens		van der Weele,P., Meijer,C.J.L.M., King,A.J.		2008	2017-07-11	dsDNA
KY549268	GenBank	Human papillomavirus type 16	Alphapapillomavirus 9		C432973R21637551(49w)	Human papillomavirus type 16 isolate C432973R21637551(49w), complete genome	7906	complete	Netherlands	Netherlands	Homo sapiens		van der Weele,P., Meijer,C.J.L.M., King,A.J.		2009	2017-07-11	dsDNA
KY549269	GenBank	Human papillomavirus type 16	Alphapapillomavirus 9		C434583R11209155(0w)	Human papillomavirus type 16 isolate C434583R11209155(0w), complete genome	7907	complete	Netherlands	Netherlands	Homo sapiens		van der Weele,P., Meijer,C.J.L.M., King,A.J.		2008	2017-07-11	dsDNA
KY549270	GenBank	Human papillomavirus type 16	Alphapapillomavirus 9		C434583R31923327(110w)	Human papillomavirus type 16 isolate C434583R31923327(110w), complete genome	7907	complete	Netherlands	Netherlands	Homo sapiens		van der Weele,P., Meijer,C.J.L.M., King,A.J.		2010	2017-07-11	dsDNA
KY549271	GenBank	Human papillomavirus type 16	Alphapapillomavirus 9		C442714R21417774(0w)	Human papillomavirus type 16 isolate C442714R21417774(0w), complete genome	7906	complete	Netherlands	Netherlands	Homo sapiens		van der Weele,P., Meijer,C.J.L.M., King,A.J.		2009	2017-07-11	dsDNA
KY549272	GenBank	Human papillomavirus type 16	Alphapapillomavirus 9		C442714R31754697(51w)	Human papillomavirus type 16 isolate C442714R31754697(51w), complete genome	7906	complete	Netherlands	Netherlands	Homo sapiens		van der Weele,P., Meijer,C.J.L.M., King,A.J.		2010	2017-07-11	dsDNA
KY549273	GenBank	Human papillomavirus type 16	Alphapapillomavirus 9		C442714R42107953(100w)	Human papillomavirus type 16 isolate C442714R42107953(100w), complete genome	7906	complete	Netherlands	Netherlands	Homo sapiens		van der Weele,P., Meijer,C.J.L.M., King,A.J.		2011	2017-07-11	dsDNA
KY549274	GenBank	Human papillomavirus type 16	Alphapapillomavirus 9		C444086R11057559(0w)	Human papillomavirus type 16 isolate C444086R11057559(0w), complete genome	7911	complete	Netherlands	Netherlands	Homo sapiens		van der Weele,P., Meijer,C.J.L.M., King,A.J.		2008	2017-07-11	dsDNA
KY549275	GenBank	Human papillomavirus type 16	Alphapapillomavirus 9		C444086R21417785(48w)	Human papillomavirus type 16 isolate C444086R21417785(48w), complete genome	7911	complete	Netherlands	Netherlands	Homo sapiens		van der Weele,P., Meijer,C.J.L.M., King,A.J.		2009	2017-07-11	dsDNA
KY549276	GenBank	Human papillomavirus type 16	Alphapapillomavirus 9		C444086R31754706(98w)	Human papillomavirus type 16 isolate C444086R31754706(98w), complete genome	7911	complete	Netherlands	Netherlands	Homo sapiens		van der Weele,P., Meijer,C.J.L.M., King,A.J.		2010	2017-07-11	dsDNA
KY549277	GenBank	Human papillomavirus type 16	Alphapapillomavirus 9		C447441R11388869NP	Human papillomavirus type 16 isolate C447441R11388869NP, complete genome	7906	complete	Netherlands	Netherlands	Homo sapiens		van der Weele,P., Meijer,C.J.L.M., King,A.J.		2008	2017-07-11	dsDNA
KY549278	GenBank	Human papillomavirus type 16	Alphapapillomavirus 9		C455108R11342542NP	Human papillomavirus type 16 isolate C455108R11342542NP, complete genome	7905	complete	Netherlands	Netherlands	Homo sapiens		van der Weele,P., Meijer,C.J.L.M., King,A.J.		2008	2017-07-11	dsDNA
KY549279	GenBank	Human papillomavirus type 16	Alphapapillomavirus 9		C459426R11384473NP	Human papillomavirus type 16 isolate C459426R11384473NP, complete genome	7905	complete	Netherlands	Netherlands	Homo sapiens		van der Weele,P., Meijer,C.J.L.M., King,A.J.		2008	2017-07-11	dsDNA
KY549280	GenBank	Human papillomavirus type 16	Alphapapillomavirus 9		C468419R11069374(0w)	Human papillomavirus type 16 isolate C468419R11069374(0w), complete genome	7906	complete	Netherlands	Netherlands	Homo sapiens		van der Weele,P., Meijer,C.J.L.M., King,A.J.		2008	2017-07-11	dsDNA
KY549281	GenBank	Human papillomavirus type 16	Alphapapillomavirus 9		C468419R21428171(47w)	Human papillomavirus type 16 isolate C468419R21428171(47w), complete genome	7906	complete	Netherlands	Netherlands	Homo sapiens		van der Weele,P., Meijer,C.J.L.M., King,A.J.		2009	2017-07-11	dsDNA
KY549282	GenBank	Human papillomavirus type 16	Alphapapillomavirus 9		C471015R11161069(0w)	Human papillomavirus type 16 isolate C471015R11161069(0w), complete genome	7905	complete	Netherlands	Netherlands	Homo sapiens		van der Weele,P., Meijer,C.J.L.M., King,A.J.		2008	2017-07-11	dsDNA
KY549283	GenBank	Human papillomavirus type 16	Alphapapillomavirus 9		C471015R21536729(50w)	Human papillomavirus type 16 isolate C471015R21536729(50w), complete genome	7905	complete	Netherlands	Netherlands	Homo sapiens		van der Weele,P., Meijer,C.J.L.M., King,A.J.		2009	2017-07-11	dsDNA
KY549284	GenBank	Human papillomavirus type 16	Alphapapillomavirus 9		C484604R11164343NP	Human papillomavirus type 16 isolate C484604R11164343NP, complete genome	7904	complete	Netherlands	Netherlands	Homo sapiens		van der Weele,P., Meijer,C.J.L.M., King,A.J.		2008	2017-07-11	dsDNA
KY549285	GenBank	Human papillomavirus type 16	Alphapapillomavirus 9		C502873R11041961(0w)	Human papillomavirus type 16 isolate C502873R11041961(0w), complete genome	7906	complete	Netherlands	Netherlands	Homo sapiens		van der Weele,P., Meijer,C.J.L.M., King,A.J.		2008	2017-07-11	dsDNA
KY549286	GenBank	Human papillomavirus type 16	Alphapapillomavirus 9		C502873R21405573(8w)	Human papillomavirus type 16 isolate C502873R21405573(8w), complete genome	7906	complete	Netherlands	Netherlands	Homo sapiens		van der Weele,P., Meijer,C.J.L.M., King,A.J.		2009	2017-07-11	dsDNA
KY549287	GenBank	Human papillomavirus type 16	Alphapapillomavirus 9		C507461R11179061(0w)	Human papillomavirus type 16 isolate C507461R11179061(0w), complete genome	7910	complete	Netherlands	Netherlands	Homo sapiens		van der Weele,P., Meijer,C.J.L.M., King,A.J.		2008	2017-07-11	dsDNA
KY549288	GenBank	Human papillomavirus type 16	Alphapapillomavirus 9		C507461R21553998(54w)	Human papillomavirus type 16 isolate C507461R21553998(54w), complete genome	7910	complete	Netherlands	Netherlands	Homo sapiens		van der Weele,P., Meijer,C.J.L.M., King,A.J.		2009	2017-07-11	dsDNA
KY549289	GenBank	Human papillomavirus type 16	Alphapapillomavirus 9		C515059R11323811(0w)	Human papillomavirus type 16 isolate C515059R11323811(0w), complete genome	7906	complete	Netherlands	Netherlands	Homo sapiens		van der Weele,P., Meijer,C.J.L.M., King,A.J.		2008	2017-07-11	dsDNA
KY549290	GenBank	Human papillomavirus type 16	Alphapapillomavirus 9		C515059R21618546(47w)	Human papillomavirus type 16 isolate C515059R21618546(47w), complete genome	7906	complete	Netherlands	Netherlands	Homo sapiens		van der Weele,P., Meijer,C.J.L.M., King,A.J.		2009	2017-07-11	dsDNA
KY549291	GenBank	Human papillomavirus type 16	Alphapapillomavirus 9		C515059R31959320(99w)	Human papillomavirus type 16 isolate C515059R31959320(99w), complete genome	7906	complete	Netherlands	Netherlands	Homo sapiens		van der Weele,P., Meijer,C.J.L.M., King,A.J.		2010	2017-07-11	dsDNA
KY549292	GenBank	Human papillomavirus type 16	Alphapapillomavirus 9		C521400R11204168(0w)	Human papillomavirus type 16 isolate C521400R11204168(0w), complete genome	7907	complete	Netherlands	Netherlands	Homo sapiens		van der Weele,P., Meijer,C.J.L.M., King,A.J.		2008	2017-07-11	dsDNA
KY549293	GenBank	Human papillomavirus type 16	Alphapapillomavirus 9		C521400R21576025(51w)	Human papillomavirus type 16 isolate C521400R21576025(51w), complete genome	7907	complete	Netherlands	Netherlands	Homo sapiens		van der Weele,P., Meijer,C.J.L.M., King,A.J.		2009	2017-07-11	dsDNA
KY549294	GenBank	Human papillomavirus type 16	Alphapapillomavirus 9		C545351R11399993(0w)	Human papillomavirus type 16 isolate C545351R11399993(0w), complete genome	7906	complete	Netherlands	Netherlands	Homo sapiens		van der Weele,P., Meijer,C.J.L.M., King,A.J.		2008	2017-07-11	dsDNA
KY549295	GenBank	Human papillomavirus type 16	Alphapapillomavirus 9		C545351R31990611(91w)	Human papillomavirus type 16 isolate C545351R31990611(91w), complete genome	7906	complete	Netherlands	Netherlands	Homo sapiens		van der Weele,P., Meijer,C.J.L.M., King,A.J.		2010	2017-07-11	dsDNA
KY549296	GenBank	Human papillomavirus type 16	Alphapapillomavirus 9		C553929R11382056(0w)	Human papillomavirus type 16 isolate C553929R11382056(0w), complete genome	7907	complete	Netherlands	Netherlands	Homo sapiens		van der Weele,P., Meijer,C.J.L.M., King,A.J.		2008	2017-07-11	dsDNA
KY549297	GenBank	Human papillomavirus type 16	Alphapapillomavirus 9		C553929R21657511(47w)	Human papillomavirus type 16 isolate C553929R21657511(47w), complete genome	7907	complete	Netherlands	Netherlands	Homo sapiens		van der Weele,P., Meijer,C.J.L.M., King,A.J.		2009	2017-07-11	dsDNA
KY549298	GenBank	Human papillomavirus type 16	Alphapapillomavirus 9		C560323R11076275(0w)	Human papillomavirus type 16 isolate C560323R11076275(0w), complete genome	7908	complete	Netherlands	Netherlands	Homo sapiens		van der Weele,P., Meijer,C.J.L.M., King,A.J.		2008	2017-07-11	dsDNA
KY549299	GenBank	Human papillomavirus type 16	Alphapapillomavirus 9		C560323R21441298(46w)	Human papillomavirus type 16 isolate C560323R21441298(46w), complete genome	7908	complete	Netherlands	Netherlands	Homo sapiens		van der Weele,P., Meijer,C.J.L.M., King,A.J.		2009	2017-07-11	dsDNA
KY549300	GenBank	Human papillomavirus type 16	Alphapapillomavirus 9		C567069R11135565(0w)	Human papillomavirus type 16 isolate C567069R11135565(0w), complete genome	7906	complete	Netherlands	Netherlands	Homo sapiens		van der Weele,P., Meijer,C.J.L.M., King,A.J.		2008	2017-07-11	dsDNA
KY549301	GenBank	Human papillomavirus type 16	Alphapapillomavirus 9		C567069R21513953(45w)	Human papillomavirus type 16 isolate C567069R21513953(45w), complete genome	7906	complete	Netherlands	Netherlands	Homo sapiens		van der Weele,P., Meijer,C.J.L.M., King,A.J.		2009	2017-07-11	dsDNA
KY549302	GenBank	Human papillomavirus type 16	Alphapapillomavirus 9		C569383R11325021(0w)	Human papillomavirus type 16 isolate C569383R11325021(0w), complete genome	7906	complete	Netherlands	Netherlands	Homo sapiens		van der Weele,P., Meijer,C.J.L.M., King,A.J.		2008	2017-07-11	dsDNA
KY549303	GenBank	Human papillomavirus type 16	Alphapapillomavirus 9		C569383R21619516(46w)	Human papillomavirus type 16 isolate C569383R21619516(46w), complete genome	7906	complete	Netherlands	Netherlands	Homo sapiens		van der Weele,P., Meijer,C.J.L.M., King,A.J.		2009	2017-07-11	dsDNA
KY549304	GenBank	Human papillomavirus type 16	Alphapapillomavirus 9		C569383R31960176(96w)	Human papillomavirus type 16 isolate C569383R31960176(96w), complete genome	7906	complete	Netherlands	Netherlands	Homo sapiens		van der Weele,P., Meijer,C.J.L.M., King,A.J.		2010	2017-07-11	dsDNA
KY549305	GenBank	Human papillomavirus type 16	Alphapapillomavirus 9		C591514R11073142(0w)	Human papillomavirus type 16 isolate C591514R11073142(0w), complete genome	7906	complete	Netherlands	Netherlands	Homo sapiens		van der Weele,P., Meijer,C.J.L.M., King,A.J.		2008	2017-07-11	dsDNA
KY549306	GenBank	Human papillomavirus type 16	Alphapapillomavirus 9		C591514R21433981(49w)	Human papillomavirus type 16 isolate C591514R21433981(49w), complete genome	7906	complete	Netherlands	Netherlands	Homo sapiens		van der Weele,P., Meijer,C.J.L.M., King,A.J.		2009	2017-07-11	dsDNA
KY549307	GenBank	Human papillomavirus type 16	Alphapapillomavirus 9		C591514R42116400(148w)	Human papillomavirus type 16 isolate C591514R42116400(148w), complete genome	7906	complete	Netherlands	Netherlands	Homo sapiens		van der Weele,P., Meijer,C.J.L.M., King,A.J.		2011	2017-07-11	dsDNA
KY549308	GenBank	Human papillomavirus type 16	Alphapapillomavirus 9		C602332R11098725(0w)	Human papillomavirus type 16 isolate C602332R11098725(0w), complete genome	7906	complete	Netherlands	Netherlands	Homo sapiens		van der Weele,P., Meijer,C.J.L.M., King,A.J.		2008	2017-07-11	dsDNA
KY549309	GenBank	Human papillomavirus type 16	Alphapapillomavirus 9		C602332R21451195(49w)	Human papillomavirus type 16 isolate C602332R21451195(49w), complete genome	7906	complete	Netherlands	Netherlands	Homo sapiens		van der Weele,P., Meijer,C.J.L.M., King,A.J.		2009	2017-07-11	dsDNA
KY549310	GenBank	Human papillomavirus type 16	Alphapapillomavirus 9		C618909R21643609(0w)	Human papillomavirus type 16 isolate C618909R21643609(0w), complete genome	7907	complete	Netherlands	Netherlands	Homo sapiens		van der Weele,P., Meijer,C.J.L.M., King,A.J.		2009	2017-07-11	dsDNA
KY549311	GenBank	Human papillomavirus type 16	Alphapapillomavirus 9		C618909R31981031(52w)	Human papillomavirus type 16 isolate C618909R31981031(52w), complete genome	7907	complete	Netherlands	Netherlands	Homo sapiens		van der Weele,P., Meijer,C.J.L.M., King,A.J.		2010	2017-07-11	dsDNA
KY549312	GenBank	Human papillomavirus type 16	Alphapapillomavirus 9		C619291R11095511(0w)	Human papillomavirus type 16 isolate C619291R11095511(0w), complete genome	7906	complete	Netherlands	Netherlands	Homo sapiens		van der Weele,P., Meijer,C.J.L.M., King,A.J.		2008	2017-07-11	dsDNA
KY549313	GenBank	Human papillomavirus type 16	Alphapapillomavirus 9		C619291R21455173(50w)	Human papillomavirus type 16 isolate C619291R21455173(50w), complete genome	7906	complete	Netherlands	Netherlands	Homo sapiens		van der Weele,P., Meijer,C.J.L.M., King,A.J.		2009	2017-07-11	dsDNA
KY549314	GenBank	Human papillomavirus type 16	Alphapapillomavirus 9		C622705R11242396(0w)	Human papillomavirus type 16 isolate C622705R11242396(0w), complete genome	7906	complete	Netherlands	Netherlands	Homo sapiens		van der Weele,P., Meijer,C.J.L.M., King,A.J.		2008	2017-07-11	dsDNA
KY549315	GenBank	Human papillomavirus type 16	Alphapapillomavirus 9		C622705R21596665(51w)	Human papillomavirus type 16 isolate C622705R21596665(51w), complete genome	7906	complete	Netherlands	Netherlands	Homo sapiens		van der Weele,P., Meijer,C.J.L.M., King,A.J.		2009	2017-07-11	dsDNA
KY549316	GenBank	Human papillomavirus type 16	Alphapapillomavirus 9		C649348R11384583P(0w)	Human papillomavirus type 16 isolate C649348R11384583P(0w), complete genome	7906	complete	Netherlands	Netherlands	Homo sapiens		van der Weele,P., Meijer,C.J.L.M., King,A.J.		2008	2017-07-11	dsDNA
KY549317	GenBank	Human papillomavirus type 16	Alphapapillomavirus 9		C649438R32001687P(141w)	Human papillomavirus type 16 isolate C649438R32001687P(141w), complete genome	7906	complete	Netherlands	Netherlands	Homo sapiens		van der Weele,P., Meijer,C.J.L.M., King,A.J.		2010	2017-07-11	dsDNA
KY549318	GenBank	Human papillomavirus type 16	Alphapapillomavirus 9		C653860R11350921(0w)	Human papillomavirus type 16 isolate C653860R11350921(0w), complete genome	7907	complete	Netherlands	Netherlands	Homo sapiens		van der Weele,P., Meijer,C.J.L.M., King,A.J.		2008	2017-07-11	dsDNA
KY549319	GenBank	Human papillomavirus type 16	Alphapapillomavirus 9		C653860R21655560(40w)	Human papillomavirus type 16 isolate C653860R21655560(40w), complete genome	7907	complete	Netherlands	Netherlands	Homo sapiens		van der Weele,P., Meijer,C.J.L.M., King,A.J.		2009	2017-07-11	dsDNA
KY549320	GenBank	Human papillomavirus type 16	Alphapapillomavirus 9		C672821R11389532(0w)	Human papillomavirus type 16 isolate C672821R11389532(0w), complete genome	7906	complete	Netherlands	Netherlands	Homo sapiens		van der Weele,P., Meijer,C.J.L.M., King,A.J.		2008	2017-07-11	dsDNA
KY549321	GenBank	Human papillomavirus type 16	Alphapapillomavirus 9		C672821R21678793(51w)	Human papillomavirus type 16 isolate C672821R21678793(51w), complete genome	7906	complete	Netherlands	Netherlands	Homo sapiens		van der Weele,P., Meijer,C.J.L.M., King,A.J.		2009	2017-07-11	dsDNA
KY883659	GenBank	Human papillomavirus type 16	Alphapapillomavirus 9		RKAH09	Human papillomavirus type 16 isolate RKAH09, complete genome	7906	complete	India	India		cervix	Akram Husain,R.S., Subburaj,J., Anoop,S., Ramakrishnan,V.		2016	2017-06-17	dsDNA
LC193821	GenBank	Human papillomavirus type 16	Alphapapillomavirus 9		FT001	Human papillomavirus type 16 DNA, complete genome, isolate: FT001	7905	complete					Kukimoto,I., Fujii,T.			2016-11-09	dsDNA
KU053823	GenBank	Human papillomavirus type 16	Alphapapillomavirus 9		PAP0931	Human papillomavirus type 16 isolate PAP0931, complete genome	7905	complete			Homo sapiens		Chen,Z., Burk,R.			2016-04-30	dsDNA
KU053824	GenBank	Human papillomavirus type 16	Alphapapillomavirus 9		PAP1754	Human papillomavirus type 16 isolate PAP1754, complete genome	7906	complete			Homo sapiens		Chen,Z., Burk,R.			2016-04-30	dsDNA
KU053825	GenBank	Human papillomavirus type 16	Alphapapillomavirus 9		PAP0321	Human papillomavirus type 16 isolate PAP0321, complete genome	7907	complete			Homo sapiens		Chen,Z., Burk,R.			2016-04-30	dsDNA
KU053826	GenBank	Human papillomavirus type 16	Alphapapillomavirus 9		PAP1879	Human papillomavirus type 16 isolate PAP1879, complete genome	7906	complete			Homo sapiens		Chen,Z., Burk,R.			2016-04-30	dsDNA
KU053827	GenBank	Human papillomavirus type 16	Alphapapillomavirus 9		PAP0946	Human papillomavirus type 16 isolate PAP0946, complete genome	7907	complete			Homo sapiens		Chen,Z., Burk,R.			2016-04-30	dsDNA
KU053828	GenBank	Human papillomavirus type 16	Alphapapillomavirus 9		PAP1791	Human papillomavirus type 16 isolate PAP1791, complete genome	7907	complete			Homo sapiens		Chen,Z., Burk,R.			2016-04-30	dsDNA
KU053829	GenBank	Human papillomavirus type 16	Alphapapillomavirus 9		PAP0503	Human papillomavirus type 16 isolate PAP0503, complete genome	7906	complete			Homo sapiens		Chen,Z., Burk,R.			2016-04-30	dsDNA
KU053830	GenBank	Human papillomavirus type 16	Alphapapillomavirus 9		PAP0778	Human papillomavirus type 16 isolate PAP0778, complete genome	7906	complete			Homo sapiens		Chen,Z., Burk,R.			2016-04-30	dsDNA
KU053831	GenBank	Human papillomavirus type 16	Alphapapillomavirus 9		PAP1067	Human papillomavirus type 16 isolate PAP1067, complete genome	7906	complete			Homo sapiens		Chen,Z., Burk,R.			2016-04-30	dsDNA
KU053832	GenBank	Human papillomavirus type 16	Alphapapillomavirus 9		PAP1899	Human papillomavirus type 16 isolate PAP1899, complete genome	7906	complete			Homo sapiens		Chen,Z., Burk,R.			2016-04-30	dsDNA
KU053833	GenBank	Human papillomavirus type 16	Alphapapillomavirus 9		PAP0097	Human papillomavirus type 16 isolate PAP0097, complete genome	7906	complete			Homo sapiens		Chen,Z., Burk,R.			2016-04-30	dsDNA
KU053834	GenBank	Human papillomavirus type 16	Alphapapillomavirus 9		PAP1779	Human papillomavirus type 16 isolate PAP1779, complete genome	7906	complete			Homo sapiens		Chen,Z., Burk,R.			2016-04-30	dsDNA
KU053835	GenBank	Human papillomavirus type 16	Alphapapillomavirus 9		PAP0103	Human papillomavirus type 16 isolate PAP0103, complete genome	7906	complete			Homo sapiens		Chen,Z., Burk,R.			2016-04-30	dsDNA
KU053836	GenBank	Human papillomavirus type 16	Alphapapillomavirus 9		PAP1156	Human papillomavirus type 16 isolate PAP1156, complete genome	7906	complete			Homo sapiens		Chen,Z., Burk,R.			2016-04-30	dsDNA
KU053837	GenBank	Human papillomavirus type 16	Alphapapillomavirus 9		PAP0989	Human papillomavirus type 16 isolate PAP0989, complete genome	7906	complete			Homo sapiens		Chen,Z., Burk,R.			2016-04-30	dsDNA
KU053838	GenBank	Human papillomavirus type 16	Alphapapillomavirus 9		PAP0711	Human papillomavirus type 16 isolate PAP0711, complete genome	7906	complete			Homo sapiens		Chen,Z., Burk,R.			2016-04-30	dsDNA
KU053839	GenBank	Human papillomavirus type 16	Alphapapillomavirus 9		PAP1231	Human papillomavirus type 16 isolate PAP1231, complete genome	7906	complete			Homo sapiens		Chen,Z., Burk,R.			2016-04-30	dsDNA
KU053840	GenBank	Human papillomavirus type 16	Alphapapillomavirus 9		PAP0295	Human papillomavirus type 16 isolate PAP0295, complete genome	7906	complete			Homo sapiens		Chen,Z., Burk,R.			2016-04-30	dsDNA
KU053841	GenBank	Human papillomavirus type 16	Alphapapillomavirus 9		PAP0458	Human papillomavirus type 16 isolate PAP0458, complete genome	7906	complete			Homo sapiens		Chen,Z., Burk,R.			2016-04-30	dsDNA
KU053842	GenBank	Human papillomavirus type 16	Alphapapillomavirus 9		PAP1010	Human papillomavirus type 16 isolate PAP1010, complete genome	7906	complete			Homo sapiens		Chen,Z., Burk,R.			2016-04-30	dsDNA
KU053843	GenBank	Human papillomavirus type 16	Alphapapillomavirus 9		PAP0708	Human papillomavirus type 16 isolate PAP0708, complete genome	7906	complete			Homo sapiens		Chen,Z., Burk,R.			2016-04-30	dsDNA
KU053844	GenBank	Human papillomavirus type 16	Alphapapillomavirus 9		PAP1700	Human papillomavirus type 16 isolate PAP1700, complete genome	7906	complete			Homo sapiens		Chen,Z., Burk,R.			2016-04-30	dsDNA
KU053845	GenBank	Human papillomavirus type 16	Alphapapillomavirus 9		PAP0728	Human papillomavirus type 16 isolate PAP0728, complete genome	7906	complete			Homo sapiens		Chen,Z., Burk,R.			2016-04-30	dsDNA
KU053846	GenBank	Human papillomavirus type 16	Alphapapillomavirus 9		PAP0769	Human papillomavirus type 16 isolate PAP0769, complete genome	7906	complete			Homo sapiens		Chen,Z., Burk,R.			2016-04-30	dsDNA
KU053847	GenBank	Human papillomavirus type 16	Alphapapillomavirus 9		PAP0710	Human papillomavirus type 16 isolate PAP0710, complete genome	7906	complete			Homo sapiens		Chen,Z., Burk,R.			2016-04-30	dsDNA
KU053848	GenBank	Human papillomavirus type 16	Alphapapillomavirus 9		PAP1864	Human papillomavirus type 16 isolate PAP1864, complete genome	7906	complete			Homo sapiens		Chen,Z., Burk,R.			2016-04-30	dsDNA
KU053849	GenBank	Human papillomavirus type 16	Alphapapillomavirus 9		PAP0829	Human papillomavirus type 16 isolate PAP0829, complete genome	7906	complete			Homo sapiens		Chen,Z., Burk,R.			2016-04-30	dsDNA
KU053850	GenBank	Human papillomavirus type 16	Alphapapillomavirus 9		PAP0160	Human papillomavirus type 16 isolate PAP0160, complete genome	7906	complete			Homo sapiens		Chen,Z., Burk,R.			2016-04-30	dsDNA
KU053851	GenBank	Human papillomavirus type 16	Alphapapillomavirus 9		PAP1993	Human papillomavirus type 16 isolate PAP1993, complete genome	7906	complete			Homo sapiens		Chen,Z., Burk,R.			2016-04-30	dsDNA
KU053852	GenBank	Human papillomavirus type 16	Alphapapillomavirus 9		Plasmid114B	Human papillomavirus type 16 isolate Plasmid114B, complete genome	7906	complete			Homo sapiens		Chen,Z., Burk,R.			2016-04-30	dsDNA
KU053853	GenBank	Human papillomavirus type 16	Alphapapillomavirus 9		IARC904612	Human papillomavirus type 16 isolate IARC904612, complete genome	7905	complete			Homo sapiens		Chen,Z., Burk,R.			2016-04-30	dsDNA
KU053854	GenBank	Human papillomavirus type 16	Alphapapillomavirus 9		PAP0594	Human papillomavirus type 16 isolate PAP0594, complete genome	7913	complete			Homo sapiens		Chen,Z., Burk,R.			2016-04-30	dsDNA
KU053855	GenBank	Human papillomavirus type 16	Alphapapillomavirus 9		IARC010512	Human papillomavirus type 16 isolate IARC010512, complete genome	7906	complete			Homo sapiens		Chen,Z., Burk,R.			2016-04-30	dsDNA
KU053856	GenBank	Human papillomavirus type 16	Alphapapillomavirus 9		PAP0206	Human papillomavirus type 16 isolate PAP0206, complete genome	7906	complete			Homo sapiens		Chen,Z., Burk,R.			2016-04-30	dsDNA
KU053857	GenBank	Human papillomavirus type 16	Alphapapillomavirus 9		PAP0677	Human papillomavirus type 16 isolate PAP0677, complete genome	7906	complete			Homo sapiens		Chen,Z., Burk,R.			2016-04-30	dsDNA
KU053858	GenBank	Human papillomavirus type 16	Alphapapillomavirus 9		PAP0604	Human papillomavirus type 16 isolate PAP0604, complete genome	7906	complete			Homo sapiens		Chen,Z., Burk,R.			2016-04-30	dsDNA
KU053859	GenBank	Human papillomavirus type 16	Alphapapillomavirus 9		PAP0207	Human papillomavirus type 16 isolate PAP0207, complete genome	7905	complete			Homo sapiens		Chen,Z., Burk,R.			2016-04-30	dsDNA
KU053860	GenBank	Human papillomavirus type 16	Alphapapillomavirus 9		PAP1289	Human papillomavirus type 16 isolate PAP1289, complete genome	7906	complete			Homo sapiens		Chen,Z., Burk,R.			2016-04-30	dsDNA
KU053861	GenBank	Human papillomavirus type 16	Alphapapillomavirus 9		PAP0574	Human papillomavirus type 16 isolate PAP0574, complete genome	7906	complete			Homo sapiens		Chen,Z., Burk,R.			2016-04-30	dsDNA
KU053862	GenBank	Human papillomavirus type 16	Alphapapillomavirus 9		PAP0516	Human papillomavirus type 16 isolate PAP0516, complete genome	7906	complete			Homo sapiens		Chen,Z., Burk,R.			2016-04-30	dsDNA
KU053863	GenBank	Human papillomavirus type 16	Alphapapillomavirus 9		PAP0819	Human papillomavirus type 16 isolate PAP0819, complete genome	7906	complete			Homo sapiens		Chen,Z., Burk,R.			2016-04-30	dsDNA
KU053864	GenBank	Human papillomavirus type 16	Alphapapillomavirus 9		PAP0451	Human papillomavirus type 16 isolate PAP0451, complete genome	7906	complete			Homo sapiens		Chen,Z., Burk,R.			2016-04-30	dsDNA
KU053865	GenBank	Human papillomavirus type 16	Alphapapillomavirus 9		PAP1706	Human papillomavirus type 16 isolate PAP1706, complete genome	7906	complete			Homo sapiens		Chen,Z., Burk,R.			2016-04-30	dsDNA
KU053866	GenBank	Human papillomavirus type 16	Alphapapillomavirus 9		PAP0164	Human papillomavirus type 16 isolate PAP0164, complete genome	7906	complete			Homo sapiens		Chen,Z., Burk,R.			2016-04-30	dsDNA
KU053867	GenBank	Human papillomavirus type 16	Alphapapillomavirus 9		PAP0978	Human papillomavirus type 16 isolate PAP0978, complete genome	7906	complete			Homo sapiens		Chen,Z., Burk,R.			2016-04-30	dsDNA
KU053868	GenBank	Human papillomavirus type 16	Alphapapillomavirus 9		PAP1334	Human papillomavirus type 16 isolate PAP1334, complete genome	7906	complete			Homo sapiens		Chen,Z., Burk,R.			2016-04-30	dsDNA
KU053869	GenBank	Human papillomavirus type 16	Alphapapillomavirus 9		PAP0689	Human papillomavirus type 16 isolate PAP0689, complete genome	7908	complete			Homo sapiens		Chen,Z., Burk,R.			2016-04-30	dsDNA
KU053870	GenBank	Human papillomavirus type 16	Alphapapillomavirus 9		PAP1466	Human papillomavirus type 16 isolate PAP1466, complete genome	7971	complete			Homo sapiens		Chen,Z., Burk,R.			2016-04-30	dsDNA
KU053871	GenBank	Human papillomavirus type 16	Alphapapillomavirus 9		PAP1181	Human papillomavirus type 16 isolate PAP1181, complete genome	7973	complete			Homo sapiens		Chen,Z., Burk,R.			2016-04-30	dsDNA
KU053872	GenBank	Human papillomavirus type 16	Alphapapillomavirus 9		PAP0409	Human papillomavirus type 16 isolate PAP0409, complete genome	7909	complete			Homo sapiens		Chen,Z., Burk,R.			2016-04-30	dsDNA
KU053873	GenBank	Human papillomavirus type 16	Alphapapillomavirus 9		PAP1376	Human papillomavirus type 16 isolate PAP1376, complete genome	7973	complete			Homo sapiens		Chen,Z., Burk,R.			2016-04-30	dsDNA
KU053874	GenBank	Human papillomavirus type 16	Alphapapillomavirus 9		PAP1391	Human papillomavirus type 16 isolate PAP1391, complete genome	7972	complete			Homo sapiens		Chen,Z., Burk,R.			2016-04-30	dsDNA
KU053875	GenBank	Human papillomavirus type 16	Alphapapillomavirus 9		PAP1501	Human papillomavirus type 16 isolate PAP1501, complete genome	7973	complete			Homo sapiens		Chen,Z., Burk,R.			2016-04-30	dsDNA
KU053876	GenBank	Human papillomavirus type 16	Alphapapillomavirus 9		PAP0753	Human papillomavirus type 16 isolate PAP0753, complete genome	7906	complete			Homo sapiens		Chen,Z., Burk,R.			2016-04-30	dsDNA
KU053877	GenBank	Human papillomavirus type 16	Alphapapillomavirus 9		PAP1730	Human papillomavirus type 16 isolate PAP1730, complete genome	7907	complete			Homo sapiens		Chen,Z., Burk,R.			2016-04-30	dsDNA
KU053878	GenBank	Human papillomavirus type 16	Alphapapillomavirus 9		PAP1048	Human papillomavirus type 16 isolate PAP1048, complete genome	7906	complete			Homo sapiens		Chen,Z., Burk,R.			2016-04-30	dsDNA
KU053879	GenBank	Human papillomavirus type 16	Alphapapillomavirus 9		PAP1583	Human papillomavirus type 16 isolate PAP1583, complete genome	7906	complete			Homo sapiens		Chen,Z., Burk,R.			2016-04-30	dsDNA
KU053880	GenBank	Human papillomavirus type 16	Alphapapillomavirus 9		PAP1426	Human papillomavirus type 16 isolate PAP1426, complete genome	7906	complete			Homo sapiens		Chen,Z., Burk,R.			2016-04-30	dsDNA
KU053881	GenBank	Human papillomavirus type 16	Alphapapillomavirus 9		PAP2035	Human papillomavirus type 16 isolate PAP2035, complete genome	7907	complete			Homo sapiens		Chen,Z., Burk,R.			2016-04-30	dsDNA
KU053882	GenBank	Human papillomavirus type 16	Alphapapillomavirus 9		PAP1015	Human papillomavirus type 16 isolate PAP1015, complete genome	7906	complete			Homo sapiens		Chen,Z., Burk,R.			2016-04-30	dsDNA
KU053883	GenBank	Human papillomavirus type 16	Alphapapillomavirus 9		PAP0873	Human papillomavirus type 16 isolate PAP0873, complete genome	7906	complete			Homo sapiens		Chen,Z., Burk,R.			2016-04-30	dsDNA
KU053884	GenBank	Human papillomavirus type 16	Alphapapillomavirus 9		PAP1924	Human papillomavirus type 16 isolate PAP1924, complete genome	7906	complete			Homo sapiens		Chen,Z., Burk,R.			2016-04-30	dsDNA
KU053885	GenBank	Human papillomavirus type 16	Alphapapillomavirus 9		PAP1591	Human papillomavirus type 16 isolate PAP1591, complete genome	7906	complete			Homo sapiens		Chen,Z., Burk,R.			2016-04-30	dsDNA
KU053886	GenBank	Human papillomavirus type 16	Alphapapillomavirus 9		PAP1441	Human papillomavirus type 16 isolate PAP1441, complete genome	7905	complete			Homo sapiens		Chen,Z., Burk,R.			2016-04-30	dsDNA
KU053887	GenBank	Human papillomavirus type 16	Alphapapillomavirus 9		PAP0694	Human papillomavirus type 16 isolate PAP0694, complete genome	7906	complete			Homo sapiens		Chen,Z., Burk,R.			2016-04-30	dsDNA
KU053888	GenBank	Human papillomavirus type 16	Alphapapillomavirus 9		PAP0555	Human papillomavirus type 16 isolate PAP0555, complete genome	7911	complete			Homo sapiens		Chen,Z., Burk,R.			2016-04-30	dsDNA
KU053889	GenBank	Human papillomavirus type 16	Alphapapillomavirus 9		PAP1141	Human papillomavirus type 16 isolate PAP1141, complete genome	7906	complete			Homo sapiens		Chen,Z., Burk,R.			2016-04-30	dsDNA
KU053890	GenBank	Human papillomavirus type 16	Alphapapillomavirus 9		PAP1261	Human papillomavirus type 16 isolate PAP1261, complete genome	7906	complete			Homo sapiens		Chen,Z., Burk,R.			2016-04-30	dsDNA
KU053891	GenBank	Human papillomavirus type 16	Alphapapillomavirus 9		PAP0370	Human papillomavirus type 16 isolate PAP0370, complete genome	7905	complete			Homo sapiens		Chen,Z., Burk,R.			2016-04-30	dsDNA
KU053892	GenBank	Human papillomavirus type 16	Alphapapillomavirus 9		PAP1494	Human papillomavirus type 16 isolate PAP1494, complete genome	7905	complete			Homo sapiens		Chen,Z., Burk,R.			2016-04-30	dsDNA
KU053893	GenBank	Human papillomavirus type 16	Alphapapillomavirus 9		PAP1618	Human papillomavirus type 16 isolate PAP1618, complete genome	7905	complete			Homo sapiens		Chen,Z., Burk,R.			2016-04-30	dsDNA
KU053894	GenBank	Human papillomavirus type 16	Alphapapillomavirus 9		PAP1009	Human papillomavirus type 16 isolate PAP1009, complete genome	7905	complete			Homo sapiens		Chen,Z., Burk,R.			2016-04-30	dsDNA
KU053895	GenBank	Human papillomavirus type 16	Alphapapillomavirus 9		PAP1763	Human papillomavirus type 16 isolate PAP1763, complete genome	7893	complete			Homo sapiens		Chen,Z., Burk,R.			2016-04-30	dsDNA
KU053896	GenBank	Human papillomavirus type 16	Alphapapillomavirus 9		PAP1885	Human papillomavirus type 16 isolate PAP1885, complete genome	7905	complete			Homo sapiens		Chen,Z., Burk,R.			2016-04-30	dsDNA
KU053897	GenBank	Human papillomavirus type 16	Alphapapillomavirus 9		PAP0421	Human papillomavirus type 16 isolate PAP0421, complete genome	7905	complete			Homo sapiens		Chen,Z., Burk,R.			2016-04-30	dsDNA
KU053898	GenBank	Human papillomavirus type 16	Alphapapillomavirus 9		PAP0471	Human papillomavirus type 16 isolate PAP0471, complete genome	7905	complete			Homo sapiens		Chen,Z., Burk,R.			2016-04-30	dsDNA
KU053899	GenBank	Human papillomavirus type 16	Alphapapillomavirus 9		PAP0534	Human papillomavirus type 16 isolate PAP0534, complete genome	7902	complete			Homo sapiens		Chen,Z., Burk,R.			2016-04-30	dsDNA
KU053900	GenBank	Human papillomavirus type 16	Alphapapillomavirus 9		PAP1273	Human papillomavirus type 16 isolate PAP1273, complete genome	7905	complete			Homo sapiens		Chen,Z., Burk,R.			2016-04-30	dsDNA
KU053901	GenBank	Human papillomavirus type 16	Alphapapillomavirus 9		PAP1659	Human papillomavirus type 16 isolate PAP1659, complete genome	7905	complete			Homo sapiens		Chen,Z., Burk,R.			2016-04-30	dsDNA
KU053902	GenBank	Human papillomavirus type 16	Alphapapillomavirus 9		PAP1533	Human papillomavirus type 16 isolate PAP1533, complete genome	7905	complete			Homo sapiens		Chen,Z., Burk,R.			2016-04-30	dsDNA
KU053903	GenBank	Human papillomavirus type 16	Alphapapillomavirus 9		PAP1450	Human papillomavirus type 16 isolate PAP1450, complete genome	7905	complete			Homo sapiens		Chen,Z., Burk,R.			2016-04-30	dsDNA
KU053904	GenBank	Human papillomavirus type 16	Alphapapillomavirus 9		PAP0201	Human papillomavirus type 16 isolate PAP0201, complete genome	7818	complete			Homo sapiens		Chen,Z., Burk,R.			2016-04-30	dsDNA
KU053905	GenBank	Human papillomavirus type 16	Alphapapillomavirus 9		PAP1263	Human papillomavirus type 16 isolate PAP1263, complete genome	7920	complete			Homo sapiens		Chen,Z., Burk,R.			2016-04-30	dsDNA
KU053906	GenBank	Human papillomavirus type 16	Alphapapillomavirus 9		PAP0343	Human papillomavirus type 16 isolate PAP0343, complete genome	7906	complete			Homo sapiens		Chen,Z., Burk,R.			2016-04-30	dsDNA
KU053907	GenBank	Human papillomavirus type 16	Alphapapillomavirus 9		PAP0782	Human papillomavirus type 16 isolate PAP0782, complete genome	7908	complete			Homo sapiens		Chen,Z., Burk,R.			2016-04-30	dsDNA
KU053908	GenBank	Human papillomavirus type 16	Alphapapillomavirus 9		PAP1735	Human papillomavirus type 16 isolate PAP1735, complete genome	7909	complete			Homo sapiens		Chen,Z., Burk,R.			2016-04-30	dsDNA
KU053909	GenBank	Human papillomavirus type 16	Alphapapillomavirus 9		IARC204112	Human papillomavirus type 16 isolate IARC204112, complete genome	7907	complete			Homo sapiens		Chen,Z., Burk,R.			2016-04-30	dsDNA
KU053910	GenBank	Human papillomavirus type 16	Alphapapillomavirus 9		IARC202412	Human papillomavirus type 16 isolate IARC202412, complete genome	7907	complete			Homo sapiens		Chen,Z., Burk,R.			2016-04-30	dsDNA
KU053911	GenBank	Human papillomavirus type 16	Alphapapillomavirus 9		IARC303912	Human papillomavirus type 16 isolate IARC303912, complete genome	7905	complete			Homo sapiens		Chen,Z., Burk,R.			2016-04-30	dsDNA
KU053912	GenBank	Human papillomavirus type 16	Alphapapillomavirus 9		IARC307712	Human papillomavirus type 16 isolate IARC307712, complete genome	7907	complete			Homo sapiens		Chen,Z., Burk,R.			2016-04-30	dsDNA
KU053913	GenBank	Human papillomavirus type 16	Alphapapillomavirus 9		IARC908612	Human papillomavirus type 16 isolate IARC908612, complete genome	7907	complete			Homo sapiens		Chen,Z., Burk,R.			2016-04-30	dsDNA
KU053914	GenBank	Human papillomavirus type 16	Alphapapillomavirus 9		IARC907912	Human papillomavirus type 16 isolate IARC907912, complete genome	7907	complete			Homo sapiens		Chen,Z., Burk,R.			2016-04-30	dsDNA
KU053915	GenBank	Human papillomavirus type 16	Alphapapillomavirus 9		IARC1100085	Human papillomavirus type 16 isolate IARC1100085, complete genome	7912	complete			Homo sapiens		Chen,Z., Burk,R.			2016-04-30	dsDNA
KU053916	GenBank	Human papillomavirus type 16	Alphapapillomavirus 9		PAP0290	Human papillomavirus type 16 isolate PAP0290, complete genome	7904	complete			Homo sapiens		Chen,Z., Burk,R.			2016-04-30	dsDNA
KU053917	GenBank	Human papillomavirus type 16	Alphapapillomavirus 9		PAP0114	Human papillomavirus type 16 isolate PAP0114, complete genome	7904	complete			Homo sapiens		Chen,Z., Burk,R.			2016-04-30	dsDNA
KU053918	GenBank	Human papillomavirus type 16	Alphapapillomavirus 9		Plasmid2716	Human papillomavirus type 16 isolate Plasmid2716, complete genome	7904	complete			Homo sapiens		Chen,Z., Burk,R.			2016-04-30	dsDNA
KU053919	GenBank	Human papillomavirus type 16	Alphapapillomavirus 9		PAP0326	Human papillomavirus type 16 isolate PAP0326, complete genome	7904	complete			Homo sapiens		Chen,Z., Burk,R.			2016-04-30	dsDNA
KU053920	GenBank	Human papillomavirus type 16	Alphapapillomavirus 9		IARC040105	Human papillomavirus type 16 isolate IARC040105, complete genome	7904	complete			Homo sapiens		Chen,Z., Burk,R.			2016-04-30	dsDNA
KU053921	GenBank	Human papillomavirus type 16	Alphapapillomavirus 9		IARC207412	Human papillomavirus type 16 isolate IARC207412, complete genome	7754	complete			Homo sapiens		Chen,Z., Burk,R.			2016-04-30	dsDNA
KU053922	GenBank	Human papillomavirus type 16	Alphapapillomavirus 9		IARC313712	Human papillomavirus type 16 isolate IARC313712, complete genome	7900	complete			Homo sapiens		Chen,Z., Burk,R.			2016-04-30	dsDNA
KU053923	GenBank	Human papillomavirus type 16	Alphapapillomavirus 9		IARC313812	Human papillomavirus type 16 isolate IARC313812, complete genome	7900	complete			Homo sapiens		Chen,Z., Burk,R.			2016-04-30	dsDNA
KU053924	GenBank	Human papillomavirus type 16	Alphapapillomavirus 9		IARC313912	Human papillomavirus type 16 isolate IARC313912, complete genome	7900	complete			Homo sapiens		Chen,Z., Burk,R.			2016-04-30	dsDNA
KU053925	GenBank	Human papillomavirus type 16	Alphapapillomavirus 9		IARC304612	Human papillomavirus type 16 isolate IARC304612, complete genome	7904	complete			Homo sapiens		Chen,Z., Burk,R.			2016-04-30	dsDNA
KU053926	GenBank	Human papillomavirus type 16	Alphapapillomavirus 9		IARC916812	Human papillomavirus type 16 isolate IARC916812, complete genome	7884	complete			Homo sapiens		Chen,Z., Burk,R.			2016-04-30	dsDNA
KU053927	GenBank	Human papillomavirus type 16	Alphapapillomavirus 9		IARC805712	Human papillomavirus type 16 isolate IARC805712, complete genome	7886	complete			Homo sapiens		Chen,Z., Burk,R.			2016-04-30	dsDNA
KU053928	GenBank	Human papillomavirus type 16	Alphapapillomavirus 9		PAP1783	Human papillomavirus type 16 isolate PAP1783, complete genome	7886	complete			Homo sapiens		Chen,Z., Burk,R.			2016-04-30	dsDNA
KU053929	GenBank	Human papillomavirus type 16	Alphapapillomavirus 9		CVT11	Human papillomavirus type 16 isolate CVT11, complete genome	7886	complete			Homo sapiens		Chen,Z., Burk,R.			2016-04-30	dsDNA
KU053930	GenBank	Human papillomavirus type 16	Alphapapillomavirus 9		Plasmid3724	Human papillomavirus type 16 isolate Plasmid3724, complete genome	7886	complete			Homo sapiens		Chen,Z., Burk,R.			2016-04-30	dsDNA
KU053931	GenBank	Human papillomavirus type 16	Alphapapillomavirus 9		IARC903812	Human papillomavirus type 16 isolate IARC903812, complete genome	7909	complete			Homo sapiens		Chen,Z., Burk,R.			2016-04-30	dsDNA
KU053932	GenBank	Human papillomavirus type 16	Alphapapillomavirus 9		IARC311502	Human papillomavirus type 16 isolate IARC311502, complete genome	7909	complete			Homo sapiens		Chen,Z., Burk,R.			2016-04-30	dsDNA
KU053933	GenBank	Human papillomavirus type 16	Alphapapillomavirus 9		IARC900912	Human papillomavirus type 16 isolate IARC900912, complete genome	7908	complete			Homo sapiens		Chen,Z., Burk,R.			2016-04-30	dsDNA
KU053934	GenBank	Human papillomavirus type 16	Alphapapillomavirus 9		IARC301512	Human papillomavirus type 16 isolate IARC301512, complete genome	7909	complete			Homo sapiens		Chen,Z., Burk,R.			2016-04-30	dsDNA
KU053935	GenBank	Human papillomavirus type 16	Alphapapillomavirus 9		PAP0745	Human papillomavirus type 16 isolate PAP0745, complete genome	7906	complete			Homo sapiens		Chen,Z., Burk,R.			2016-04-30	dsDNA
KU053936	GenBank	Human papillomavirus type 16	Alphapapillomavirus 9		IARC020237	Human papillomavirus type 16 isolate IARC020237, complete genome	7907	complete			Homo sapiens		Chen,Z., Burk,R.			2016-04-30	dsDNA
KU053937	GenBank	Human papillomavirus type 16	Alphapapillomavirus 9		PAP1359	Human papillomavirus type 16 isolate PAP1359, complete genome	7907	complete			Homo sapiens		Chen,Z., Burk,R.			2016-04-30	dsDNA
KU053938	GenBank	Human papillomavirus type 16	Alphapapillomavirus 9		PAP0286	Human papillomavirus type 16 isolate PAP0286, complete genome	7906	complete			Homo sapiens		Chen,Z., Burk,R.			2016-04-30	dsDNA
KU053939	GenBank	Human papillomavirus type 16	Alphapapillomavirus 9		PAP1543	Human papillomavirus type 16 isolate PAP1543, complete genome	7908	complete			Homo sapiens		Chen,Z., Burk,R.			2016-04-30	dsDNA
KU053940	GenBank	Human papillomavirus type 16	Alphapapillomavirus 9		PAP0966	Human papillomavirus type 16 isolate PAP0966, complete genome	7906	complete			Homo sapiens		Chen,Z., Burk,R.			2016-04-30	dsDNA
KU053941	GenBank	Human papillomavirus type 16	Alphapapillomavirus 9		PAP1274	Human papillomavirus type 16 isolate PAP1274, complete genome	7906	complete			Homo sapiens		Chen,Z., Burk,R.			2016-04-30	dsDNA
KU053942	GenBank	Human papillomavirus type 16	Alphapapillomavirus 9		PAP1878	Human papillomavirus type 16 isolate PAP1878, complete genome	7907	complete			Homo sapiens		Chen,Z., Burk,R.			2016-04-30	dsDNA
KU053943	GenBank	Human papillomavirus type 16	Alphapapillomavirus 9		PAP1988	Human papillomavirus type 16 isolate PAP1988, complete genome	7908	complete			Homo sapiens		Chen,Z., Burk,R.			2016-04-30	dsDNA
KU053944	GenBank	Human papillomavirus type 16	Alphapapillomavirus 9		PAP1621	Human papillomavirus type 16 isolate PAP1621, complete genome	7906	complete			Homo sapiens		Chen,Z., Burk,R.			2016-04-30	dsDNA
KU298880	GenBank	Human papillomavirus type 16	Alphapapillomavirus 9		32A.16	Human papillomavirus type 16 isolate 32A.16, complete genome	7906	complete	Brazil	Brazil	Homo sapiens	cervix	Siqueira,J.D., Alves,B.M., Prellwitz,I.M., Furtado,C., Meyrelles,A.R., Machado,E.S., Seuanez,H.N., Soares,M.A., Soares,E.A., Delwart,E.L.	1		2016-04-14	dsDNA
KU298881	GenBank	Human papillomavirus type 16	Alphapapillomavirus 9		32B.16	Human papillomavirus type 16 isolate 32B.16, complete genome	7906	complete	Brazil	Brazil	Homo sapiens	cervix	Siqueira,J.D., Alves,B.M., Prellwitz,I.M., Furtado,C., Meyrelles,A.R., Machado,E.S., Seuanez,H.N., Soares,M.A., Soares,E.A., Delwart,E.L.	1		2016-04-14	dsDNA
KU298882	GenBank	Human papillomavirus type 16	Alphapapillomavirus 9		36A.16	Human papillomavirus type 16 isolate 36A.16, complete genome	7863	complete	Brazil	Brazil	Homo sapiens	cervix	Siqueira,J.D., Alves,B.M., Prellwitz,I.M., Furtado,C., Meyrelles,A.R., Machado,E.S., Seuanez,H.N., Soares,M.A., Soares,E.A., Delwart,E.L.	1		2016-04-14	dsDNA
KU298883	GenBank	Human papillomavirus type 16	Alphapapillomavirus 9		87B.16	Human papillomavirus type 16 isolate 87B.16, complete genome	7904	complete	Brazil	Brazil	Homo sapiens	cervix	Siqueira,J.D., Alves,B.M., Prellwitz,I.M., Furtado,C., Meyrelles,A.R., Machado,E.S., Seuanez,H.N., Soares,M.A., Soares,E.A., Delwart,E.L.	1		2016-04-14	dsDNA
KU298885	GenBank	Human papillomavirus type 16	Alphapapillomavirus 9		118B.16	Human papillomavirus type 16 isolate 118B.16, complete genome	7906	complete	Brazil	Brazil	Homo sapiens	cervix	Siqueira,J.D., Alves,B.M., Prellwitz,I.M., Furtado,C., Meyrelles,A.R., Machado,E.S., Seuanez,H.N., Soares,M.A., Soares,E.A., Delwart,E.L.	1		2016-04-14	dsDNA
KP874717	GenBank	Human papillomavirus type 16	Alphapapillomavirus 9		534_consensus	Human papillomavirus type 16 isolate 534_consensus, complete genome	7847	complete	Brazil	Brazil	Homo sapiens		Oliveira,C., Bravo,I., Genta,M.L., Fregnani,J.H., Tacla,M., Carvalho,J., Longatto-Filho,A., Levi,J.E.			2016-03-31	dsDNA
KP874718	GenBank	Human papillomavirus type 16	Alphapapillomavirus 9		400_consensus	Human papillomavirus type 16 isolate 400_consensus, complete genome	7842	complete	Brazil	Brazil	Homo sapiens		Oliveira,C., Bravo,I., Genta,M.L., Fregnani,J.H., Tacla,M., Carvalho,J., Longatto-Filho,A., Levi,J.E.			2016-03-31	dsDNA
KP874719	GenBank	Human papillomavirus type 16	Alphapapillomavirus 9		573_consensus	Human papillomavirus type 16 isolate 573_consensus, complete genome	7845	complete	Brazil	Brazil	Homo sapiens		Oliveira,C., Bravo,I., Genta,M.L., Fregnani,J.H., Tacla,M., Carvalho,J., Longatto-Filho,A., Levi,J.E.			2016-03-31	dsDNA
KU684311	GenBank	Human papillomavirus type 16	Alphapapillomavirus 9		IND-T488	Human papillomavirus type 16 isolate IND-T488, complete genome	7916	complete	India	India	Homo sapiens	cervix	Mandal,P., Bhattacharjee,B., Sen,S., Bhattacharya,A., Roy Chowdhury,R., Mondal,N.R., Sengupta,S., Chakravarty,B., Chatterjee,T., Roy,S.	1	2011	2016-03-30	dsDNA
KU684312	GenBank	Human papillomavirus type 16	Alphapapillomavirus 9		IND-JNM434	Human papillomavirus type 16 isolate IND-JNM434, complete genome	7906	complete	India	India	Homo sapiens	cervix	Mandal,P., Bhattacharjee,B., Sen,S., Bhattacharya,A., Roy Chowdhury,R., Mondal,N.R., Sengupta,S., Chakravarty,B., Chatterjee,T., Roy,S.	1	2011	2016-03-30	dsDNA
KU684313	GenBank	Human papillomavirus type 16	Alphapapillomavirus 9		IND-T395	Human papillomavirus type 16 isolate IND-T395, complete genome	7909	complete	India	India	Homo sapiens	cervix	Mandal,P., Bhattacharjee,B., Sen,S., Bhattacharya,A., Roy Chowdhury,R., Mondal,N.R., Sengupta,S., Chakravarty,B., Chatterjee,T., Roy,S.	1	2010	2016-03-30	dsDNA
KU684314	GenBank	Human papillomavirus type 16	Alphapapillomavirus 9		IND-T121	Human papillomavirus type 16 isolate IND-T121, complete genome	7908	complete	India	India	Homo sapiens	cervix	Mandal,P., Bhattacharjee,B., Sen,S., Bhattacharya,A., Roy Chowdhury,R., Mondal,N.R., Sengupta,S., Chakravarty,B., Chatterjee,T., Roy,S.	1	2004	2016-03-30	dsDNA
KU684315	GenBank	Human papillomavirus type 16	Alphapapillomavirus 9		IND-CMCP14	Human papillomavirus type 16 isolate IND-CMCP14, complete genome	7909	complete	India	India	Homo sapiens		Mandal,P., Bhattacharjee,B., Sen,S., Bhattacharya,A., Roy Chowdhury,R., Mondal,N.R., Sengupta,S., Chakravarty,B., Chatterjee,T., Roy,S.	1	2009-11-21	2016-03-30	dsDNA
KU684316	GenBank	Human papillomavirus type 16	Alphapapillomavirus 9		IND-T315	Human papillomavirus type 16 isolate IND-T315, complete genome	7906	complete	India	India	Homo sapiens	cervix	Mandal,P., Bhattacharjee,B., Sen,S., Bhattacharya,A., Roy Chowdhury,R., Mondal,N.R., Sengupta,S., Chakravarty,B., Chatterjee,T., Roy,S.	1	2009	2016-03-30	dsDNA
KU684317	GenBank	Human papillomavirus type 16	Alphapapillomavirus 9		IND-T338	Human papillomavirus type 16 isolate IND-T338, complete genome	7906	complete	India	India	Homo sapiens	cervix	Mandal,P., Bhattacharjee,B., Sen,S., Bhattacharya,A., Roy Chowdhury,R., Mondal,N.R., Sengupta,S., Chakravarty,B., Chatterjee,T., Roy,S.	1	2009	2016-03-30	dsDNA
KU641509	GenBank	Human papillomavirus type 16	Alphapapillomavirus 9		IND-T119	Human papillomavirus type 16 isolate IND-T119, complete genome	7908	complete	India	India	Homo sapiens	cervix	Mandal,P., Bhattacharjee,B., Sen,S., Bhattacharya,A., Roy Chowdhury,R., Mondal,N.R., Sengupta,S., Chakravarty,B., Chatterjee,T., Roy,S.	1	2004	2016-03-02	dsDNA
KP212150	GenBank	Human papillomavirus type 16	Alphapapillomavirus 9		CNA15	Human papillomavirus type 16 isolate CNA15, complete genome	7854	complete	Brazil	Brazil	Homo sapiens		Oliveira,C.M., Bravo,I.G., Souza,N.C., Genta,M.L., Fregnani,J.H., Tacla,M., Carvalho,J.P., Longatto-Filho,A., Levi,J.E., Oliveira,C., Bravo,I., Carvalho,J.	1	2010-02-10	2015-09-08	dsDNA
KP212151	GenBank	Human papillomavirus type 16	Alphapapillomavirus 9		CNA20	Human papillomavirus type 16 isolate CNA20, complete genome	7901	complete	Brazil	Brazil	Homo sapiens		Oliveira,C.M., Bravo,I.G., Souza,N.C., Genta,M.L., Fregnani,J.H., Tacla,M., Carvalho,J.P., Longatto-Filho,A., Levi,J.E., Oliveira,C., Bravo,I., Carvalho,J.	1	2010-03-03	2015-09-08	dsDNA
KP212152	GenBank	Human papillomavirus type 16	Alphapapillomavirus 9		CNA33	Human papillomavirus type 16 isolate CNA33, complete genome	7901	complete	Brazil	Brazil	Homo sapiens		Oliveira,C.M., Bravo,I.G., Souza,N.C., Genta,M.L., Fregnani,J.H., Tacla,M., Carvalho,J.P., Longatto-Filho,A., Levi,J.E., Oliveira,C., Bravo,I., Carvalho,J.	1	2010-05-12	2015-09-08	dsDNA
KP212153	GenBank	Human papillomavirus type 16	Alphapapillomavirus 9		CNA34	Human papillomavirus type 16 isolate CNA34, complete genome	7894	complete	Brazil	Brazil	Homo sapiens		Oliveira,C.M., Bravo,I.G., Souza,N.C., Genta,M.L., Fregnani,J.H., Tacla,M., Carvalho,J.P., Longatto-Filho,A., Levi,J.E., Oliveira,C., Bravo,I., Carvalho,J.	1	2010-05-18	2015-09-08	dsDNA
KP212154	GenBank	Human papillomavirus type 16	Alphapapillomavirus 9		CNA55	Human papillomavirus type 16 isolate CNA55, complete genome	7891	complete	Brazil	Brazil	Homo sapiens		Oliveira,C.M., Bravo,I.G., Souza,N.C., Genta,M.L., Fregnani,J.H., Tacla,M., Carvalho,J.P., Longatto-Filho,A., Levi,J.E., Oliveira,C., Bravo,I., Carvalho,J.	1	2010-11-24	2015-09-08	dsDNA
KP212155	GenBank	Human papillomavirus type 16	Alphapapillomavirus 9		CNA131	Human papillomavirus type 16 isolate CNA131, complete genome	7872	complete	Brazil	Brazil	Homo sapiens		Oliveira,C.M., Bravo,I.G., Souza,N.C., Genta,M.L., Fregnani,J.H., Tacla,M., Carvalho,J.P., Longatto-Filho,A., Levi,J.E., Oliveira,C., Bravo,I., Carvalho,J.	1	2011-07-04	2015-09-08	dsDNA
KP212156	GenBank	Human papillomavirus type 16	Alphapapillomavirus 9		CNA137	Human papillomavirus type 16 isolate CNA137, complete genome	7900	complete	Brazil	Brazil	Homo sapiens		Oliveira,C.M., Bravo,I.G., Souza,N.C., Genta,M.L., Fregnani,J.H., Tacla,M., Carvalho,J.P., Longatto-Filho,A., Levi,J.E., Oliveira,C., Bravo,I., Carvalho,J.	1	2011-08-11	2015-09-08	dsDNA
KP212157	GenBank	Human papillomavirus type 16	Alphapapillomavirus 9		CNA138	Human papillomavirus type 16 isolate CNA138, complete genome	7900	complete	Brazil	Brazil	Homo sapiens		Oliveira,C.M., Bravo,I.G., Souza,N.C., Genta,M.L., Fregnani,J.H., Tacla,M., Carvalho,J.P., Longatto-Filho,A., Levi,J.E., Oliveira,C., Bravo,I., Carvalho,J.	1	2011-08-11	2015-09-08	dsDNA
KP212158	GenBank	Human papillomavirus type 16	Alphapapillomavirus 9		CNA173	Human papillomavirus type 16 isolate CNA173, complete genome	7849	complete	Brazil	Brazil	Homo sapiens		Oliveira,C.M., Bravo,I.G., Souza,N.C., Genta,M.L., Fregnani,J.H., Tacla,M., Carvalho,J.P., Longatto-Filho,A., Levi,J.E., Oliveira,C., Bravo,I., Carvalho,J.	1	2011-11-07	2015-09-08	dsDNA
KP212159	GenBank	Human papillomavirus type 16	Alphapapillomavirus 9		CNA188	Human papillomavirus type 16 isolate CNA188, complete genome	7896	complete	Brazil	Brazil	Homo sapiens		Oliveira,C.M., Bravo,I.G., Souza,N.C., Genta,M.L., Fregnani,J.H., Tacla,M., Carvalho,J.P., Longatto-Filho,A., Levi,J.E., Oliveira,C., Bravo,I., Carvalho,J.	1	2011-12-01	2015-09-08	dsDNA
KP874716	GenBank	Human papillomavirus type 16	Alphapapillomavirus 9		NBM19_consensus	Human papillomavirus type 16 isolate NBM19_consensus, complete genome	7845	complete	Brazil	Brazil	Homo sapiens		Oliveira,C.M., Bravo,I.G., Souza,N.C., Genta,M.L., Fregnani,J.H., Tacla,M., Carvalho,J.P., Longatto-Filho,A., Levi,J.E., Oliveira,C., Bravo,I., Carvalho,J.	1		2015-09-08	dsDNA
KF880690	GenBank	Human papillomavirus type 16	Alphapapillomavirus 9		PV-234-11	Human papillomavirus type 16, complete genome	7906	complete	Sweden	Sweden	Homo sapiens	tonsil	Letsolo,B.T., Faust,H., Ekblad,L., Wennerberg,J., Forslund,O.		2011-02-21	2015-01-08	dsDNA
KC935953	GenBank	Human papillomavirus type 16	Alphapapillomavirus 9		16-Anhui12	Human papillomavirus type 16 isolate 16-Anhui12 from China, complete genome	7906	complete	China	China	Homo sapiens		Sun,Y.F., Jiang,T., Chen,C.J.		2012	2014-05-15	dsDNA
KJ411988	GenBank	Human papillomavirus type 16	Alphapapillomavirus 9			Human papillomavirus type 16 HPV16-miR-H1 miRNA gene, complete sequence	82	complete					Qian,K., Pietila,T., Ronty,M., Michon,F., Frilander,M.J., Ritari,J., Tarkkanen,J., Paulin,L., Auvinen,P., Auvinen,E.	1		2014-04-26	dsDNA
KJ411989	GenBank	Human papillomavirus type 16	Alphapapillomavirus 9			Human papillomavirus type 16 HPV16-miR-H2 miRNA gene, complete sequence	112	complete					Qian,K., Pietila,T., Ronty,M., Michon,F., Frilander,M.J., Ritari,J., Tarkkanen,J., Paulin,L., Auvinen,P., Auvinen,E.	1		2014-04-26	dsDNA
KJ411990	GenBank	Human papillomavirus type 16	Alphapapillomavirus 9			Human papillomavirus type 16 HPV16-miR-H3 miRNA gene, complete sequence	125	complete					Qian,K., Pietila,T., Ronty,M., Michon,F., Frilander,M.J., Ritari,J., Tarkkanen,J., Paulin,L., Auvinen,P., Auvinen,E.	1		2014-04-26	dsDNA
KJ411991	GenBank	Human papillomavirus type 16	Alphapapillomavirus 9			Human papillomavirus type 16 HPV16-miR-H5 miRNA gene, complete sequence	86	complete					Qian,K., Pietila,T., Ronty,M., Michon,F., Frilander,M.J., Ritari,J., Tarkkanen,J., Paulin,L., Auvinen,P., Auvinen,E.	1		2014-04-26	dsDNA
KJ411992	GenBank	Human papillomavirus type 16	Alphapapillomavirus 9			Human papillomavirus type 16 HPV16-miR-H6 miRNA gene, complete sequence	101	complete					Qian,K., Pietila,T., Ronty,M., Michon,F., Frilander,M.J., Ritari,J., Tarkkanen,J., Paulin,L., Auvinen,P., Auvinen,E.	1		2014-04-26	dsDNA
KF954093	GenBank	Human papillomavirus type 16	Alphapapillomavirus 9		HPV16-AH2	Human papillomavirus type 16 isolate HPV16-AH2, complete genome	7906	complete	China	China	Homo sapiens		Sun,Y.-F., Jiang,T., Chen,C.-J.		2013	2014-03-03	dsDNA
AB889488	GenBank	Human papillomavirus type 16	Alphapapillomavirus 9		JPD058	Human papillomavirus type 16 DNA, complete genome, isolate: JPD058	7906	complete					Kukimoto,I., Maehama,T., Sekizuka,T., Ogasawara,Y., Kondo,K., Kusumoto-Matsuo,R., Mori,S., Ishii,Y., Takeuchi,T., Yamaji,T., Takeuchi,F., Hanada,K., Kuroda,M., Matsumoto,K.	1		2013-11-29	dsDNA
AB889489	GenBank	Human papillomavirus type 16	Alphapapillomavirus 9		JPD168	Human papillomavirus type 16 DNA, complete genome, isolate: JPD168	7906	complete					Kukimoto,I., Maehama,T., Sekizuka,T., Ogasawara,Y., Kondo,K., Kusumoto-Matsuo,R., Mori,S., Ishii,Y., Takeuchi,T., Yamaji,T., Takeuchi,F., Hanada,K., Kuroda,M., Matsumoto,K.	1		2013-11-29	dsDNA
AB889490	GenBank	Human papillomavirus type 16	Alphapapillomavirus 9		JPD062	Human papillomavirus type 16 DNA, complete genome, isolate: JPD062	7905	complete					Kukimoto,I., Maehama,T., Sekizuka,T., Ogasawara,Y., Kondo,K., Kusumoto-Matsuo,R., Mori,S., Ishii,Y., Takeuchi,T., Yamaji,T., Takeuchi,F., Hanada,K., Kuroda,M., Matsumoto,K.	1		2013-11-29	dsDNA
AB889491	GenBank	Human papillomavirus type 16	Alphapapillomavirus 9		JPD085	Human papillomavirus type 16 DNA, complete genome, isolate: JPD085	7905	complete					Kukimoto,I., Maehama,T., Sekizuka,T., Ogasawara,Y., Kondo,K., Kusumoto-Matsuo,R., Mori,S., Ishii,Y., Takeuchi,T., Yamaji,T., Takeuchi,F., Hanada,K., Kuroda,M., Matsumoto,K.	1		2013-11-29	dsDNA
AB889492	GenBank	Human papillomavirus type 16	Alphapapillomavirus 9		JPD002	Human papillomavirus type 16 DNA, complete genome, isolate: JPD002	7905	complete					Kukimoto,I., Maehama,T., Sekizuka,T., Ogasawara,Y., Kondo,K., Kusumoto-Matsuo,R., Mori,S., Ishii,Y., Takeuchi,T., Yamaji,T., Takeuchi,F., Hanada,K., Kuroda,M., Matsumoto,K.	1		2013-11-29	dsDNA
AB889493	GenBank	Human papillomavirus type 16	Alphapapillomavirus 9		JPD071	Human papillomavirus type 16 DNA, complete genome, isolate: JPD071	7909	complete					Kukimoto,I., Maehama,T., Sekizuka,T., Ogasawara,Y., Kondo,K., Kusumoto-Matsuo,R., Mori,S., Ishii,Y., Takeuchi,T., Yamaji,T., Takeuchi,F., Hanada,K., Kuroda,M., Matsumoto,K.	1		2013-11-29	dsDNA
AB889494	GenBank	Human papillomavirus type 16	Alphapapillomavirus 9		JPD169	Human papillomavirus type 16 DNA, complete genome, isolate: JPD169	7905	complete					Kukimoto,I., Maehama,T., Sekizuka,T., Ogasawara,Y., Kondo,K., Kusumoto-Matsuo,R., Mori,S., Ishii,Y., Takeuchi,T., Yamaji,T., Takeuchi,F., Hanada,K., Kuroda,M., Matsumoto,K.	1		2013-11-29	dsDNA
AB818687	GenBank	Human papillomavirus type 16	Alphapapillomavirus 9		JP0777	Human papillomavirus type 16 genomic DNA, complete genome, isolate: JP0777	7903	complete					Kukimoto,I., Maehama,T., Sekizuka,T., Ogasawara,Y., Kondo,K., Kusumoto-Matsuo,R., Mori,S., Ishii,Y., Takeuchi,T., Yamaji,T., Takeuchi,F., Hanada,K., Kuroda,M.	1		2013-07-19	dsDNA
AB818688	GenBank	Human papillomavirus type 16	Alphapapillomavirus 9		JP2060	Human papillomavirus type 16 genomic DNA, complete genome, isolate: JP2060	7906	complete					Kukimoto,I., Maehama,T., Sekizuka,T., Ogasawara,Y., Kondo,K., Kusumoto-Matsuo,R., Mori,S., Ishii,Y., Takeuchi,T., Yamaji,T., Takeuchi,F., Hanada,K., Kuroda,M.	1		2013-07-19	dsDNA
AB818689	GenBank	Human papillomavirus type 16	Alphapapillomavirus 9		JP0278	Human papillomavirus type 16 genomic DNA, complete genome, isolate: JP0278	7907	complete					Kukimoto,I., Maehama,T., Sekizuka,T., Ogasawara,Y., Kondo,K., Kusumoto-Matsuo,R., Mori,S., Ishii,Y., Takeuchi,T., Yamaji,T., Takeuchi,F., Hanada,K., Kuroda,M.	1		2013-07-19	dsDNA
AB818690	GenBank	Human papillomavirus type 16	Alphapapillomavirus 9		JP1773	Human papillomavirus type 16 genomic DNA, complete genome, isolate: JP1773	7903	complete					Kukimoto,I., Maehama,T., Sekizuka,T., Ogasawara,Y., Kondo,K., Kusumoto-Matsuo,R., Mori,S., Ishii,Y., Takeuchi,T., Yamaji,T., Takeuchi,F., Hanada,K., Kuroda,M.	1		2013-07-19	dsDNA
AB818691	GenBank	Human papillomavirus type 16	Alphapapillomavirus 9		JP1556	Human papillomavirus type 16 genomic DNA, complete genome, isolate: JP1556	7906	complete					Kukimoto,I., Maehama,T., Sekizuka,T., Ogasawara,Y., Kondo,K., Kusumoto-Matsuo,R., Mori,S., Ishii,Y., Takeuchi,T., Yamaji,T., Takeuchi,F., Hanada,K., Kuroda,M.	1		2013-07-19	dsDNA
AB818692	GenBank	Human papillomavirus type 16	Alphapapillomavirus 9		JP0074	Human papillomavirus type 16 genomic DNA, complete genome, isolate: JP0074	7905	complete					Kukimoto,I., Maehama,T., Sekizuka,T., Ogasawara,Y., Kondo,K., Kusumoto-Matsuo,R., Mori,S., Ishii,Y., Takeuchi,T., Yamaji,T., Takeuchi,F., Hanada,K., Kuroda,M.	1		2013-07-19	dsDNA
AB818693	GenBank	Human papillomavirus type 16	Alphapapillomavirus 9		JP0127	Human papillomavirus type 16 genomic DNA, complete genome, isolate: JP0127	7905	complete					Kukimoto,I., Maehama,T., Sekizuka,T., Ogasawara,Y., Kondo,K., Kusumoto-Matsuo,R., Mori,S., Ishii,Y., Takeuchi,T., Yamaji,T., Takeuchi,F., Hanada,K., Kuroda,M.	1		2013-07-19	dsDNA
JQ004092	GenBank	Human papillomavirus type 16	Alphapapillomavirus 9			Human papillomavirus type 16 strain CU8, complete genome	7911	complete	Thailand	Thailand	Homo sapiens		Chansaenroj,J., Theamboonlers,A., Chinchai,T., Junyangdikul,P., Swangvaree,S., Karalak,A., Poovorawan,Y.		2010	2012-10-31	dsDNA
JQ004093	GenBank	Human papillomavirus type 16	Alphapapillomavirus 9			Human papillomavirus type 16 strain CU9, complete genome	7973	complete	Thailand	Thailand	Homo sapiens		Chansaenroj,J., Theamboonlers,A., Chinchai,T., Junyangdikul,P., Swangvaree,S., Karalak,A., Poovorawan,Y.		2010	2012-10-31	dsDNA
JQ004094	GenBank	Human papillomavirus type 16	Alphapapillomavirus 9			Human papillomavirus type 16 strain CU10, complete genome	7905	complete	Thailand	Thailand	Homo sapiens		Chansaenroj,J., Theamboonlers,A., Chinchai,T., Junyangdikul,P., Swangvaree,S., Karalak,A., Poovorawan,Y.		2010	2012-10-31	dsDNA
JQ004095	GenBank	Human papillomavirus type 16	Alphapapillomavirus 9			Human papillomavirus type 16 strain CU11, complete genome	7906	complete	Thailand	Thailand	Homo sapiens		Chansaenroj,J., Theamboonlers,A., Chinchai,T., Junyangdikul,P., Swangvaree,S., Karalak,A., Poovorawan,Y.		2010	2012-10-31	dsDNA
JQ004096	GenBank	Human papillomavirus type 16	Alphapapillomavirus 9			Human papillomavirus type 16 strain CU12, complete genome	7905	complete	Thailand	Thailand	Homo sapiens		Chansaenroj,J., Theamboonlers,A., Chinchai,T., Junyangdikul,P., Swangvaree,S., Karalak,A., Poovorawan,Y.		2010	2012-10-31	dsDNA
JQ004097	GenBank	Human papillomavirus type 16	Alphapapillomavirus 9			Human papillomavirus type 16 strain CU13, complete genome	7907	complete	Thailand	Thailand	Homo sapiens		Chansaenroj,J., Theamboonlers,A., Chinchai,T., Junyangdikul,P., Swangvaree,S., Karalak,A., Poovorawan,Y.		2010	2012-10-31	dsDNA
JQ004098	GenBank	Human papillomavirus type 16	Alphapapillomavirus 9			Human papillomavirus type 16 strain CU14, complete genome	7906	complete	Thailand	Thailand	Homo sapiens		Chansaenroj,J., Theamboonlers,A., Chinchai,T., Junyangdikul,P., Swangvaree,S., Karalak,A., Poovorawan,Y.		2010	2012-10-31	dsDNA
JQ004099	GenBank	Human papillomavirus type 16	Alphapapillomavirus 9			Human papillomavirus type 16 strain CU15, complete genome	7881	complete	Thailand	Thailand	Homo sapiens		Chansaenroj,J., Theamboonlers,A., Chinchai,T., Junyangdikul,P., Swangvaree,S., Karalak,A., Poovorawan,Y.		2010	2012-10-31	dsDNA
HQ644234	GenBank	Human papillomavirus type 16	Alphapapillomavirus 9		AS097	Human papillomavirus type 16 isolate AS097, complete genome	7905	complete					Smith,B., Chen,Z., Reimers,L., van Doorslaer,K., Schiffman,M., Desalle,R., Herrero,R., Yu,K., Wacholder,S., Wang,T., Burk,R.D.	1		2012-08-11	dsDNA
HQ644235	GenBank	Human papillomavirus type 16	Alphapapillomavirus 9		AS310	Human papillomavirus type 16 isolate AS310, complete genome	7905	complete					Smith,B., Chen,Z., Reimers,L., van Doorslaer,K., Schiffman,M., Desalle,R., Herrero,R., Yu,K., Wacholder,S., Wang,T., Burk,R.D.	1		2012-08-11	dsDNA
HQ644236	GenBank	Human papillomavirus type 16	Alphapapillomavirus 9		AS411	Human papillomavirus type 16 isolate AS411, complete genome	7905	complete					Smith,B., Chen,Z., Reimers,L., van Doorslaer,K., Schiffman,M., Desalle,R., Herrero,R., Yu,K., Wacholder,S., Wang,T., Burk,R.D.	1		2012-08-11	dsDNA
HQ644237	GenBank	Human papillomavirus type 16	Alphapapillomavirus 9		BF039	Human papillomavirus type 16 isolate BF039, complete genome	7905	complete					Smith,B., Chen,Z., Reimers,L., van Doorslaer,K., Schiffman,M., Desalle,R., Herrero,R., Yu,K., Wacholder,S., Wang,T., Burk,R.D.	1		2012-08-11	dsDNA
HQ644238	GenBank	Human papillomavirus type 16	Alphapapillomavirus 9		BF215	Human papillomavirus type 16 isolate BF215, complete genome	7908	complete					Smith,B., Chen,Z., Reimers,L., van Doorslaer,K., Schiffman,M., Desalle,R., Herrero,R., Yu,K., Wacholder,S., Wang,T., Burk,R.D.	1		2012-08-11	dsDNA
HQ644239	GenBank	Human papillomavirus type 16	Alphapapillomavirus 9		BF236	Human papillomavirus type 16 isolate BF236, complete genome	7905	complete					Smith,B., Chen,Z., Reimers,L., van Doorslaer,K., Schiffman,M., Desalle,R., Herrero,R., Yu,K., Wacholder,S., Wang,T., Burk,R.D.	1		2012-08-11	dsDNA
HQ644240	GenBank	Human papillomavirus type 16	Alphapapillomavirus 9		BF325	Human papillomavirus type 16 isolate BF325, complete genome	7908	complete					Smith,B., Chen,Z., Reimers,L., van Doorslaer,K., Schiffman,M., Desalle,R., Herrero,R., Yu,K., Wacholder,S., Wang,T., Burk,R.D.	1		2012-08-11	dsDNA
HQ644241	GenBank	Human papillomavirus type 16	Alphapapillomavirus 9		Fr050094	Human papillomavirus type 16 isolate Fr050094, complete genome	7908	complete					Smith,B., Chen,Z., Reimers,L., van Doorslaer,K., Schiffman,M., Desalle,R., Herrero,R., Yu,K., Wacholder,S., Wang,T., Burk,R.D.	1		2012-08-11	dsDNA
HQ644242	GenBank	Human papillomavirus type 16	Alphapapillomavirus 9		Fr160232	Human papillomavirus type 16 isolate Fr160232, complete genome	7909	complete					Smith,B., Chen,Z., Reimers,L., van Doorslaer,K., Schiffman,M., Desalle,R., Herrero,R., Yu,K., Wacholder,S., Wang,T., Burk,R.D.	1		2012-08-11	dsDNA
HQ644243	GenBank	Human papillomavirus type 16	Alphapapillomavirus 9		Fr207412	Human papillomavirus type 16 isolate Fr207412, complete genome	7904	complete					Smith,B., Chen,Z., Reimers,L., van Doorslaer,K., Schiffman,M., Desalle,R., Herrero,R., Yu,K., Wacholder,S., Wang,T., Burk,R.D.	1		2012-08-11	dsDNA
HQ644244	GenBank	Human papillomavirus type 16	Alphapapillomavirus 9		Fr240211	Human papillomavirus type 16 isolate Fr240211, complete genome	7904	complete					Smith,B., Chen,Z., Reimers,L., van Doorslaer,K., Schiffman,M., Desalle,R., Herrero,R., Yu,K., Wacholder,S., Wang,T., Burk,R.D.	1		2012-08-11	dsDNA
HQ644245	GenBank	Human papillomavirus type 16	Alphapapillomavirus 9		Fr312312	Human papillomavirus type 16 isolate Fr312312, complete genome	7905	complete					Smith,B., Chen,Z., Reimers,L., van Doorslaer,K., Schiffman,M., Desalle,R., Herrero,R., Yu,K., Wacholder,S., Wang,T., Burk,R.D.	1		2012-08-11	dsDNA
HQ644246	GenBank	Human papillomavirus type 16	Alphapapillomavirus 9		Fr630712	Human papillomavirus type 16 isolate Fr630712, complete genome	7905	complete					Smith,B., Chen,Z., Reimers,L., van Doorslaer,K., Schiffman,M., Desalle,R., Herrero,R., Yu,K., Wacholder,S., Wang,T., Burk,R.D.	1		2012-08-11	dsDNA
HQ644247	GenBank	Human papillomavirus type 16	Alphapapillomavirus 9		IN000078	Human papillomavirus type 16 isolate IN000078, complete genome	7906	complete					Smith,B., Chen,Z., Reimers,L., van Doorslaer,K., Schiffman,M., Desalle,R., Herrero,R., Yu,K., Wacholder,S., Wang,T., Burk,R.D.	1		2012-08-11	dsDNA
HQ644248	GenBank	Human papillomavirus type 16	Alphapapillomavirus 9		IN151168	Human papillomavirus type 16 isolate IN151168, complete genome	7904	complete					Smith,B., Chen,Z., Reimers,L., van Doorslaer,K., Schiffman,M., Desalle,R., Herrero,R., Yu,K., Wacholder,S., Wang,T., Burk,R.D.	1		2012-08-11	dsDNA
HQ644249	GenBank	Human papillomavirus type 16	Alphapapillomavirus 9		IN221688	Human papillomavirus type 16 isolate IN221688, complete genome	7905	complete					Smith,B., Chen,Z., Reimers,L., van Doorslaer,K., Schiffman,M., Desalle,R., Herrero,R., Yu,K., Wacholder,S., Wang,T., Burk,R.D.	1		2012-08-11	dsDNA
HQ644250	GenBank	Human papillomavirus type 16	Alphapapillomavirus 9		IN272098	Human papillomavirus type 16 isolate IN272098, complete genome	7904	complete					Smith,B., Chen,Z., Reimers,L., van Doorslaer,K., Schiffman,M., Desalle,R., Herrero,R., Yu,K., Wacholder,S., Wang,T., Burk,R.D.	1		2012-08-11	dsDNA
HQ644251	GenBank	Human papillomavirus type 16	Alphapapillomavirus 9		INJP0168	Human papillomavirus type 16 isolate INJP0168, complete genome	7904	complete					Smith,B., Chen,Z., Reimers,L., van Doorslaer,K., Schiffman,M., Desalle,R., Herrero,R., Yu,K., Wacholder,S., Wang,T., Burk,R.D.	1		2012-08-11	dsDNA
HQ644252	GenBank	Human papillomavirus type 16	Alphapapillomavirus 9		NG609	Human papillomavirus type 16 isolate NG609, complete genome	7904	complete					Smith,B., Chen,Z., Reimers,L., van Doorslaer,K., Schiffman,M., Desalle,R., Herrero,R., Yu,K., Wacholder,S., Wang,T., Burk,R.D.	1		2012-08-11	dsDNA
HQ644253	GenBank	Human papillomavirus type 16	Alphapapillomavirus 9		Qv00079	Human papillomavirus type 16 isolate Qv00079, complete genome	7910	complete					Smith,B., Chen,Z., Reimers,L., van Doorslaer,K., Schiffman,M., Desalle,R., Herrero,R., Yu,K., Wacholder,S., Wang,T., Burk,R.D.	1		2012-08-11	dsDNA
HQ644254	GenBank	Human papillomavirus type 16	Alphapapillomavirus 9		Qv00124	Human papillomavirus type 16 isolate Qv00124, complete genome	7907	complete					Smith,B., Chen,Z., Reimers,L., van Doorslaer,K., Schiffman,M., Desalle,R., Herrero,R., Yu,K., Wacholder,S., Wang,T., Burk,R.D.	1		2012-08-11	dsDNA
HQ644255	GenBank	Human papillomavirus type 16	Alphapapillomavirus 9		Qv00346	Human papillomavirus type 16 isolate Qv00346, complete genome	7908	complete					Smith,B., Chen,Z., Reimers,L., van Doorslaer,K., Schiffman,M., Desalle,R., Herrero,R., Yu,K., Wacholder,S., Wang,T., Burk,R.D.	1		2012-08-11	dsDNA
HQ644256	GenBank	Human papillomavirus type 16	Alphapapillomavirus 9		Qv00370	Human papillomavirus type 16 isolate Qv00370, complete genome	7906	complete					Smith,B., Chen,Z., Reimers,L., van Doorslaer,K., Schiffman,M., Desalle,R., Herrero,R., Yu,K., Wacholder,S., Wang,T., Burk,R.D.	1		2012-08-11	dsDNA
HQ644257	GenBank	Human papillomavirus type 16	Alphapapillomavirus 9		Qv00512	Human papillomavirus type 16 isolate Qv00512, complete genome	7885	complete					Smith,B., Chen,Z., Reimers,L., van Doorslaer,K., Schiffman,M., Desalle,R., Herrero,R., Yu,K., Wacholder,S., Wang,T., Burk,R.D.	1		2012-08-11	dsDNA
HQ644258	GenBank	Human papillomavirus type 16	Alphapapillomavirus 9		Qv00930	Human papillomavirus type 16 isolate Qv00930, complete genome	7906	complete					Smith,B., Chen,Z., Reimers,L., van Doorslaer,K., Schiffman,M., Desalle,R., Herrero,R., Yu,K., Wacholder,S., Wang,T., Burk,R.D.	1		2012-08-11	dsDNA
HQ644259	GenBank	Human papillomavirus type 16	Alphapapillomavirus 9		Qv02234	Human papillomavirus type 16 isolate Qv02234, complete genome	7907	complete					Smith,B., Chen,Z., Reimers,L., van Doorslaer,K., Schiffman,M., Desalle,R., Herrero,R., Yu,K., Wacholder,S., Wang,T., Burk,R.D.	1		2012-08-11	dsDNA
HQ644260	GenBank	Human papillomavirus type 16	Alphapapillomavirus 9		Qv02376	Human papillomavirus type 16 isolate Qv02376, complete genome	7906	complete					Smith,B., Chen,Z., Reimers,L., van Doorslaer,K., Schiffman,M., Desalle,R., Herrero,R., Yu,K., Wacholder,S., Wang,T., Burk,R.D.	1		2012-08-11	dsDNA
HQ644261	GenBank	Human papillomavirus type 16	Alphapapillomavirus 9		Qv02706	Human papillomavirus type 16 isolate Qv02706, complete genome	7905	complete					Smith,B., Chen,Z., Reimers,L., van Doorslaer,K., Schiffman,M., Desalle,R., Herrero,R., Yu,K., Wacholder,S., Wang,T., Burk,R.D.	1		2012-08-11	dsDNA
HQ644262	GenBank	Human papillomavirus type 16	Alphapapillomavirus 9		Qv03470	Human papillomavirus type 16 isolate Qv03470, complete genome	7906	complete					Smith,B., Chen,Z., Reimers,L., van Doorslaer,K., Schiffman,M., Desalle,R., Herrero,R., Yu,K., Wacholder,S., Wang,T., Burk,R.D.	1		2012-08-11	dsDNA
HQ644263	GenBank	Human papillomavirus type 16	Alphapapillomavirus 9		Qv03545	Human papillomavirus type 16 isolate Qv03545, complete genome	7906	complete					Smith,B., Chen,Z., Reimers,L., van Doorslaer,K., Schiffman,M., Desalle,R., Herrero,R., Yu,K., Wacholder,S., Wang,T., Burk,R.D.	1		2012-08-11	dsDNA
HQ644264	GenBank	Human papillomavirus type 16	Alphapapillomavirus 9		Qv03874	Human papillomavirus type 16 isolate Qv03874, complete genome	7906	complete					Smith,B., Chen,Z., Reimers,L., van Doorslaer,K., Schiffman,M., Desalle,R., Herrero,R., Yu,K., Wacholder,S., Wang,T., Burk,R.D.	1		2012-08-11	dsDNA
HQ644265	GenBank	Human papillomavirus type 16	Alphapapillomavirus 9		Qv04917	Human papillomavirus type 16 isolate Qv04917, complete genome	7903	complete					Smith,B., Chen,Z., Reimers,L., van Doorslaer,K., Schiffman,M., Desalle,R., Herrero,R., Yu,K., Wacholder,S., Wang,T., Burk,R.D.	1		2012-08-11	dsDNA
HQ644266	GenBank	Human papillomavirus type 16	Alphapapillomavirus 9		Qv05460	Human papillomavirus type 16 isolate Qv05460, complete genome	7906	complete					Smith,B., Chen,Z., Reimers,L., van Doorslaer,K., Schiffman,M., Desalle,R., Herrero,R., Yu,K., Wacholder,S., Wang,T., Burk,R.D.	1		2012-08-11	dsDNA
HQ644267	GenBank	Human papillomavirus type 16	Alphapapillomavirus 9		Qv11074	Human papillomavirus type 16 isolate Qv11074, complete genome	7906	complete					Smith,B., Chen,Z., Reimers,L., van Doorslaer,K., Schiffman,M., Desalle,R., Herrero,R., Yu,K., Wacholder,S., Wang,T., Burk,R.D.	1		2012-08-11	dsDNA
HQ644268	GenBank	Human papillomavirus type 16	Alphapapillomavirus 9		Qv11687	Human papillomavirus type 16 isolate Qv11687, complete genome	7904	complete					Smith,B., Chen,Z., Reimers,L., van Doorslaer,K., Schiffman,M., Desalle,R., Herrero,R., Yu,K., Wacholder,S., Wang,T., Burk,R.D.	1		2012-08-11	dsDNA
HQ644269	GenBank	Human papillomavirus type 16	Alphapapillomavirus 9		Qv13040	Human papillomavirus type 16 isolate Qv13040, complete genome	7908	complete					Smith,B., Chen,Z., Reimers,L., van Doorslaer,K., Schiffman,M., Desalle,R., Herrero,R., Yu,K., Wacholder,S., Wang,T., Burk,R.D.	1		2012-08-11	dsDNA
HQ644270	GenBank	Human papillomavirus type 16	Alphapapillomavirus 9		Qv13791	Human papillomavirus type 16 isolate Qv13791, complete genome	7909	complete					Smith,B., Chen,Z., Reimers,L., van Doorslaer,K., Schiffman,M., Desalle,R., Herrero,R., Yu,K., Wacholder,S., Wang,T., Burk,R.D.	1		2012-08-11	dsDNA
HQ644271	GenBank	Human papillomavirus type 16	Alphapapillomavirus 9		Qv13956	Human papillomavirus type 16 isolate Qv13956, complete genome	7906	complete					Smith,B., Chen,Z., Reimers,L., van Doorslaer,K., Schiffman,M., Desalle,R., Herrero,R., Yu,K., Wacholder,S., Wang,T., Burk,R.D.	1		2012-08-11	dsDNA
HQ644272	GenBank	Human papillomavirus type 16	Alphapapillomavirus 9		Qv17286	Human papillomavirus type 16 isolate Qv17286, complete genome	7902	complete					Smith,B., Chen,Z., Reimers,L., van Doorslaer,K., Schiffman,M., Desalle,R., Herrero,R., Yu,K., Wacholder,S., Wang,T., Burk,R.D.	1		2012-08-11	dsDNA
HQ644273	GenBank	Human papillomavirus type 16	Alphapapillomavirus 9		Qv19067	Human papillomavirus type 16 isolate Qv19067, complete genome	7906	complete					Smith,B., Chen,Z., Reimers,L., van Doorslaer,K., Schiffman,M., Desalle,R., Herrero,R., Yu,K., Wacholder,S., Wang,T., Burk,R.D.	1		2012-08-11	dsDNA
HQ644274	GenBank	Human papillomavirus type 16	Alphapapillomavirus 9		Qv19110	Human papillomavirus type 16 isolate Qv19110, complete genome	7905	complete					Smith,B., Chen,Z., Reimers,L., van Doorslaer,K., Schiffman,M., Desalle,R., Herrero,R., Yu,K., Wacholder,S., Wang,T., Burk,R.D.	1		2012-08-11	dsDNA
HQ644275	GenBank	Human papillomavirus type 16	Alphapapillomavirus 9		Qv20322	Human papillomavirus type 16 isolate Qv20322, complete genome	7905	complete					Smith,B., Chen,Z., Reimers,L., van Doorslaer,K., Schiffman,M., Desalle,R., Herrero,R., Yu,K., Wacholder,S., Wang,T., Burk,R.D.	1		2012-08-11	dsDNA
HQ644276	GenBank	Human papillomavirus type 16	Alphapapillomavirus 9		Qv21730	Human papillomavirus type 16 isolate Qv21730, complete genome	7906	complete					Smith,B., Chen,Z., Reimers,L., van Doorslaer,K., Schiffman,M., Desalle,R., Herrero,R., Yu,K., Wacholder,S., Wang,T., Burk,R.D.	1		2012-08-11	dsDNA
HQ644277	GenBank	Human papillomavirus type 16	Alphapapillomavirus 9		Qv22478	Human papillomavirus type 16 isolate Qv22478, complete genome	7908	complete					Smith,B., Chen,Z., Reimers,L., van Doorslaer,K., Schiffman,M., Desalle,R., Herrero,R., Yu,K., Wacholder,S., Wang,T., Burk,R.D.	1		2012-08-11	dsDNA
HQ644278	GenBank	Human papillomavirus type 16	Alphapapillomavirus 9		Qv23856	Human papillomavirus type 16 isolate Qv23856, complete genome	7907	complete					Smith,B., Chen,Z., Reimers,L., van Doorslaer,K., Schiffman,M., Desalle,R., Herrero,R., Yu,K., Wacholder,S., Wang,T., Burk,R.D.	1		2012-08-11	dsDNA
HQ644279	GenBank	Human papillomavirus type 16	Alphapapillomavirus 9		Qv23890	Human papillomavirus type 16 isolate Qv23890, complete genome	7906	complete					Smith,B., Chen,Z., Reimers,L., van Doorslaer,K., Schiffman,M., Desalle,R., Herrero,R., Yu,K., Wacholder,S., Wang,T., Burk,R.D.	1		2012-08-11	dsDNA
HQ644280	GenBank	Human papillomavirus type 16	Alphapapillomavirus 9		Qv24723	Human papillomavirus type 16 isolate Qv24723, complete genome	7905	complete					Smith,B., Chen,Z., Reimers,L., van Doorslaer,K., Schiffman,M., Desalle,R., Herrero,R., Yu,K., Wacholder,S., Wang,T., Burk,R.D.	1		2012-08-11	dsDNA
HQ644281	GenBank	Human papillomavirus type 16	Alphapapillomavirus 9		Qv24898	Human papillomavirus type 16 isolate Qv24898, complete genome	7905	complete					Smith,B., Chen,Z., Reimers,L., van Doorslaer,K., Schiffman,M., Desalle,R., Herrero,R., Yu,K., Wacholder,S., Wang,T., Burk,R.D.	1		2012-08-11	dsDNA
HQ644282	GenBank	Human papillomavirus type 16	Alphapapillomavirus 9		Qv25054	Human papillomavirus type 16 isolate Qv25054, complete genome	7903	complete					Smith,B., Chen,Z., Reimers,L., van Doorslaer,K., Schiffman,M., Desalle,R., Herrero,R., Yu,K., Wacholder,S., Wang,T., Burk,R.D.	1		2012-08-11	dsDNA
HQ644283	GenBank	Human papillomavirus type 16	Alphapapillomavirus 9		Qv25086	Human papillomavirus type 16 isolate Qv25086, complete genome	7903	complete					Smith,B., Chen,Z., Reimers,L., van Doorslaer,K., Schiffman,M., Desalle,R., Herrero,R., Yu,K., Wacholder,S., Wang,T., Burk,R.D.	1		2012-08-11	dsDNA
HQ644284	GenBank	Human papillomavirus type 16	Alphapapillomavirus 9		Qv28131	Human papillomavirus type 16 isolate Qv28131, complete genome	7905	complete					Smith,B., Chen,Z., Reimers,L., van Doorslaer,K., Schiffman,M., Desalle,R., Herrero,R., Yu,K., Wacholder,S., Wang,T., Burk,R.D.	1		2012-08-11	dsDNA
HQ644285	GenBank	Human papillomavirus type 16	Alphapapillomavirus 9		Qv33364	Human papillomavirus type 16 isolate Qv33364, complete genome	7906	complete					Smith,B., Chen,Z., Reimers,L., van Doorslaer,K., Schiffman,M., Desalle,R., Herrero,R., Yu,K., Wacholder,S., Wang,T., Burk,R.D.	1		2012-08-11	dsDNA
HQ644286	GenBank	Human papillomavirus type 16	Alphapapillomavirus 9		Qv33501	Human papillomavirus type 16 isolate Qv33501, complete genome	7903	complete					Smith,B., Chen,Z., Reimers,L., van Doorslaer,K., Schiffman,M., Desalle,R., Herrero,R., Yu,K., Wacholder,S., Wang,T., Burk,R.D.	1		2012-08-11	dsDNA
HQ644287	GenBank	Human papillomavirus type 16	Alphapapillomavirus 9		Qv35943	Human papillomavirus type 16 isolate Qv35943, complete genome	7901	complete					Smith,B., Chen,Z., Reimers,L., van Doorslaer,K., Schiffman,M., Desalle,R., Herrero,R., Yu,K., Wacholder,S., Wang,T., Burk,R.D.	1		2012-08-11	dsDNA
HQ644288	GenBank	Human papillomavirus type 16	Alphapapillomavirus 9		Rw649	Human papillomavirus type 16 isolate Rw649, complete genome	7906	complete					Smith,B., Chen,Z., Reimers,L., van Doorslaer,K., Schiffman,M., Desalle,R., Herrero,R., Yu,K., Wacholder,S., Wang,T., Burk,R.D.	1		2012-08-11	dsDNA
HQ644289	GenBank	Human papillomavirus type 16	Alphapapillomavirus 9		Rw677	Human papillomavirus type 16 isolate Rw677, complete genome	7906	complete					Smith,B., Chen,Z., Reimers,L., van Doorslaer,K., Schiffman,M., Desalle,R., Herrero,R., Yu,K., Wacholder,S., Wang,T., Burk,R.D.	1		2012-08-11	dsDNA
HQ644290	GenBank	Human papillomavirus type 16	Alphapapillomavirus 9		Rw768	Human papillomavirus type 16 isolate Rw768, complete genome	7908	complete					Smith,B., Chen,Z., Reimers,L., van Doorslaer,K., Schiffman,M., Desalle,R., Herrero,R., Yu,K., Wacholder,S., Wang,T., Burk,R.D.	1		2012-08-11	dsDNA
HQ644291	GenBank	Human papillomavirus type 16	Alphapapillomavirus 9		Rw851	Human papillomavirus type 16 isolate Rw851, complete genome	7904	complete					Smith,B., Chen,Z., Reimers,L., van Doorslaer,K., Schiffman,M., Desalle,R., Herrero,R., Yu,K., Wacholder,S., Wang,T., Burk,R.D.	1		2012-08-11	dsDNA
HQ644292	GenBank	Human papillomavirus type 16	Alphapapillomavirus 9		Rw862	Human papillomavirus type 16 isolate Rw862, complete genome	7904	complete					Smith,B., Chen,Z., Reimers,L., van Doorslaer,K., Schiffman,M., Desalle,R., Herrero,R., Yu,K., Wacholder,S., Wang,T., Burk,R.D.	1		2012-08-11	dsDNA
HQ644293	GenBank	Human papillomavirus type 16	Alphapapillomavirus 9		Rw918	Human papillomavirus type 16 isolate Rw918, complete genome	7908	complete					Smith,B., Chen,Z., Reimers,L., van Doorslaer,K., Schiffman,M., Desalle,R., Herrero,R., Yu,K., Wacholder,S., Wang,T., Burk,R.D.	1		2012-08-11	dsDNA
HQ644294	GenBank	Human papillomavirus type 16	Alphapapillomavirus 9		UPB02	Human papillomavirus type 16 isolate UPB02, complete genome	7904	complete					Smith,B., Chen,Z., Reimers,L., van Doorslaer,K., Schiffman,M., Desalle,R., Herrero,R., Yu,K., Wacholder,S., Wang,T., Burk,R.D.	1		2012-08-11	dsDNA
HQ644295	GenBank	Human papillomavirus type 16	Alphapapillomavirus 9		UPB20	Human papillomavirus type 16 isolate UPB20, complete genome	7904	complete					Smith,B., Chen,Z., Reimers,L., van Doorslaer,K., Schiffman,M., Desalle,R., Herrero,R., Yu,K., Wacholder,S., Wang,T., Burk,R.D.	1		2012-08-11	dsDNA
HQ644296	GenBank	Human papillomavirus type 16	Alphapapillomavirus 9		Z016	Human papillomavirus type 16 isolate Z016, complete genome	7905	complete					Smith,B., Chen,Z., Reimers,L., van Doorslaer,K., Schiffman,M., Desalle,R., Herrero,R., Yu,K., Wacholder,S., Wang,T., Burk,R.D.	1		2012-08-11	dsDNA
HQ644297	GenBank	Human papillomavirus type 16	Alphapapillomavirus 9		Z032	Human papillomavirus type 16 isolate Z032, complete genome	7905	complete					Smith,B., Chen,Z., Reimers,L., van Doorslaer,K., Schiffman,M., Desalle,R., Herrero,R., Yu,K., Wacholder,S., Wang,T., Burk,R.D.	1		2012-08-11	dsDNA
HQ644298	GenBank	Human papillomavirus type 16	Alphapapillomavirus 9		Z109	Human papillomavirus type 16 isolate Z109, complete genome	7909	complete					Smith,B., Chen,Z., Reimers,L., van Doorslaer,K., Schiffman,M., Desalle,R., Herrero,R., Yu,K., Wacholder,S., Wang,T., Burk,R.D.	1		2012-08-11	dsDNA
HQ644299	GenBank	Human papillomavirus type 16	Alphapapillomavirus 9		Z122	Human papillomavirus type 16 isolate Z122, complete genome	7905	complete					Smith,B., Chen,Z., Reimers,L., van Doorslaer,K., Schiffman,M., Desalle,R., Herrero,R., Yu,K., Wacholder,S., Wang,T., Burk,R.D.	1		2012-08-11	dsDNA
JN565302	GenBank	Human papillomavirus type 16	Alphapapillomavirus 9			Human papillomavirus type 16 strain ZG01-118, complete genome	7973	complete	Croatia	Croatia			Sabol,I., Matovina,M., Si-Mohamed,A., Grce,M.	1	2001	2012-07-28	dsDNA
JN565303	GenBank	Human papillomavirus type 16	Alphapapillomavirus 9			Human papillomavirus type 16 strain ZG01-258, complete genome	7976	complete	Croatia	Croatia			Sabol,I., Matovina,M., Si-Mohamed,A., Grce,M.	1	2001	2012-07-28	dsDNA
JQ067943	GenBank	Human papillomavirus type 16	Alphapapillomavirus 9			Human papillomavirus type 16 strain ZG03-145, complete genome	7973	complete	Croatia	Croatia	Homo sapiens		Sabol,I., Matovina,M., Si-Mohamed,A., Grce,M.	1	2003	2012-07-28	dsDNA
JQ067944	GenBank	Human papillomavirus type 16	Alphapapillomavirus 9			Human papillomavirus type 16 strain ZG05-249, complete genome	7973	complete	Croatia	Croatia	Homo sapiens		Sabol,I., Matovina,M., Si-Mohamed,A., Grce,M.	1	2005	2012-07-28	dsDNA
HM057182	GenBank	Human papillomavirus type 16	Alphapapillomavirus 9		Amazonian	Human papillomavirus type 16 isolate Amazonian, complete genome	7915	complete	Brazil	Brazil	Homo sapiens		Barbosa Filho,R.A.A., Borborema Santos,C.M., Astolfi Filho,S.		2007-03	2010-06-01	dsDNA
FJ610146	GenBank	Human papillomavirus type 16	Alphapapillomavirus 9			Human papillomavirus type 16 strain CU1, complete genome	7906	complete	Thailand	Thailand	Homo sapiens		Lurchachaiwong,W., Junyangdikul,P., Payungporn,S., Chansaenroj,J., Sampathanukul,P., Tresukosol,D., Termrungruanglert,W., Theamboonlers,A., Poovorawan,Y.	1	2008	2009-07-05	dsDNA
FJ610147	GenBank	Human papillomavirus type 16	Alphapapillomavirus 9			Human papillomavirus type 16 strain CU2, complete genome	7906	complete	Thailand	Thailand	Homo sapiens		Lurchachaiwong,W., Junyangdikul,P., Payungporn,S., Chansaenroj,J., Sampathanukul,P., Tresukosol,D., Termrungruanglert,W., Theamboonlers,A., Poovorawan,Y.	1	2008	2009-07-05	dsDNA
FJ610148	GenBank	Human papillomavirus type 16	Alphapapillomavirus 9			Human papillomavirus type 16 strain CU3, complete genome	7906	complete	Thailand	Thailand	Homo sapiens		Lurchachaiwong,W., Junyangdikul,P., Payungporn,S., Chansaenroj,J., Sampathanukul,P., Tresukosol,D., Termrungruanglert,W., Theamboonlers,A., Poovorawan,Y.	1	2008	2009-07-05	dsDNA
FJ610149	GenBank	Human papillomavirus type 16	Alphapapillomavirus 9			Human papillomavirus type 16 strain CU4, complete genome	7906	complete	Thailand	Thailand	Homo sapiens		Lurchachaiwong,W., Junyangdikul,P., Payungporn,S., Chansaenroj,J., Sampathanukul,P., Tresukosol,D., Termrungruanglert,W., Theamboonlers,A., Poovorawan,Y.	1	2008	2009-07-05	dsDNA
FJ610150	GenBank	Human papillomavirus type 16	Alphapapillomavirus 9			Human papillomavirus type 16 strain CU5, complete genome	7905	complete	Thailand	Thailand	Homo sapiens		Lurchachaiwong,W., Junyangdikul,P., Payungporn,S., Chansaenroj,J., Sampathanukul,P., Tresukosol,D., Termrungruanglert,W., Theamboonlers,A., Poovorawan,Y.	1	2008	2009-07-05	dsDNA
FJ610151	GenBank	Human papillomavirus type 16	Alphapapillomavirus 9			Human papillomavirus type 16 strain CU6, complete genome	7906	complete	Thailand	Thailand	Homo sapiens		Lurchachaiwong,W., Junyangdikul,P., Payungporn,S., Chansaenroj,J., Sampathanukul,P., Tresukosol,D., Termrungruanglert,W., Theamboonlers,A., Poovorawan,Y.	1	2008	2009-07-05	dsDNA
FJ610152	GenBank	Human papillomavirus type 16	Alphapapillomavirus 9			Human papillomavirus type 16 strain CU7, complete genome	7905	complete	Thailand	Thailand	Homo sapiens		Lurchachaiwong,W., Junyangdikul,P., Payungporn,S., Chansaenroj,J., Sampathanukul,P., Tresukosol,D., Termrungruanglert,W., Theamboonlers,A., Poovorawan,Y.	1	2008	2009-07-05	dsDNA
EU918764	GenBank	Human papillomavirus type 16	Alphapapillomavirus 9		LZcc11-16	Human papillomavirus type 16 isolate LZcc11-16, complete genome	7904	complete	China: Gansu province	China	Homo sapiens		Wu,X., Zhang,C., Feng,S., Liu,C., Li,Y., Yang,Y., Gao,J., Li,H., Meng,S., Li,L., Zhang,Y., Hu,X., Lin,L., Li,X., Wang,Y.	1	2007-08	2009-02-01	dsDNA
FJ006723	GenBank	Human papillomavirus type 16	Alphapapillomavirus 9			Human papillomavirus type 16, complete genome	7963	complete	China: Xinjiang province	China	Homo sapiens		Hong,L.L., Hai,M.Z., Chun,Z.F.		2006-12-16	2008-08-20	dsDNA
EU118173	GenBank	Human papillomavirus type 16	Alphapapillomavirus 9			Human papillomavirus type 16 clone 114/K, complete genome	7906	complete	Germany	Germany			Kirnbauer,R., Taub,J., Greenstone,H., Roden,R., Durst,M., Gissmann,L., Lowy,D.R., Schiller,J.T., Buck,C.B.	1		2007-09-16	dsDNA
AY686579	GenBank	Human papillomavirus type 16	Alphapapillomavirus 9		Qv15321AA	Human papillomavirus type 16 isolate Qv15321AA, complete genome	7906	complete					Chen,Z., Terai,M., Fu,L., Herrero,R., DeSalle,R., Burk,R.D., Herrer,R.	1		2005-05-21	dsDNA
AY686580	GenBank	Human papillomavirus type 16	Alphapapillomavirus 9		Qv16936E	Human papillomavirus type 16 isolate Qv16936E, complete genome	7906	complete					Chen,Z., Terai,M., Fu,L., Herrero,R., DeSalle,R., Burk,R.D., Herrer,R.	1		2005-05-21	dsDNA
AY686581	GenBank	Human papillomavirus type 16	Alphapapillomavirus 9		Qv15521E	Human papillomavirus type 16 isolate Qv15521E, complete genome	7906	complete					Chen,Z., Terai,M., Fu,L., Herrero,R., DeSalle,R., Burk,R.D., Herrer,R.	1		2005-05-21	dsDNA
AY686582	GenBank	Human papillomavirus type 16	Alphapapillomavirus 9		Qv15351AA	Human papillomavirus type 16 isolate Qv15351AA, complete genome	7907	complete					Chen,Z., Terai,M., Fu,L., Herrero,R., DeSalle,R., Burk,R.D., Herrer,R.	1		2005-05-21	dsDNA
AY686583	GenBank	Human papillomavirus type 16	Alphapapillomavirus 9		Qv18158E	Human papillomavirus type 16 isolate Qv18158E, complete genome	7907	complete					Chen,Z., Terai,M., Fu,L., Herrero,R., DeSalle,R., Burk,R.D., Herrer,R.	1		2005-05-21	dsDNA
AY686584	GenBank	Human papillomavirus type 16	Alphapapillomavirus 9		Qv17722E	Human papillomavirus type 16 isolate Qv17722E, complete genome	7906	complete					Chen,Z., Terai,M., Fu,L., Herrero,R., DeSalle,R., Burk,R.D., Herrer,R.	1		2005-05-21	dsDNA
AF534061	GenBank	Human papillomavirus type 16	Alphapapillomavirus 9			Human papillomavirus type 16 East Asian type, complete genome	7905	complete					Terai,M., Fu,L., Ma,Z., Burk,R.D.			2003-09-01	dsDNA
AF536179	GenBank	Human papillomavirus type 16	Alphapapillomavirus 9		European German 131 type	Human papillomavirus type 16 isolate European German 131 type, complete genome	7904	complete					Terai,M., Fu,L., Ma,Z., Burk,R.D.			2003-09-01	dsDNA
AF536180	GenBank	Human papillomavirus type 16	Alphapapillomavirus 9		African-1 type	Human papillomavirus type 16 isolate African-1 type, complete genome	7906	complete					Terai,M., Fu,L., Ma,Z., Burk,R.D.			2003-09-01	dsDNA
AF402678	GenBank	Human papillomavirus type 16	Alphapapillomavirus 9		Asian-American variant	Human papillomavirus type 16 Asian-American variant, complete genome	7906	complete					Terai,M., Burk,R.D.			2003-04-02	dsDNA
AF472508	GenBank	Human papillomavirus type 16	Alphapapillomavirus 9	Human papillomavirus type 16 variant (African type 1)		Human papillomavirus type 16 variant (African type 1), complete genome	7908	complete					Terai,M., Ma,Z., Burk,R.D.			2003-01-02	dsDNA
AF472509	GenBank	Human papillomavirus type 16	Alphapapillomavirus 9	Human papillomavirus type 16 variant (African type 2)		Human papillomavirus type 16 variant (African type 2), complete genome	7904	complete					Terai,M., Ma,Z., Burk,R.D.			2003-01-02	dsDNA
AF125673	GenBank	Human papillomavirus type 16	Alphapapillomavirus 9		16W12E	Human papillomavirus type 16 isolate 16W12E, complete genome	7904	complete					Flores,E.R., Allen-Hoffmann,B.L., Lee,D., Sattler,C.A., Lambert,P.F., Nelson,J.H.	1		1999-06-01	dsDNA
K02718	GenBank	Human papillomavirus type 16	Alphapapillomavirus 9			Human papillomavirus type 16 (HPV16), complete genome	7904	complete					Seedorf,K., Krammer,G., Durst,M., Suhai,S., Rowekamp,W.G., Kennedy,I.M., Haddow,J.K., Clements,J.B.	2		1993-08-02	dsDNA
